configuration,tracker,scenario_class,contrast,arm_a,arm_b,n_scenarios,n_parents,differences,median,minimum,maximum,parents_improved,parents_worsened,parents_tied
feasible-best,pd_v2,nominal,M10-S,M10,S,1,10,"[1,0,0,0,0,0,0,0,0,0]",0.0,0,1,1,0,9
feasible-best,pd_v2,nominal,M10-R10,M10,R10,1,10,"[1,0,0,0,0,0,0,0,0,0]",0.0,0,1,1,0,9
feasible-best,pd_v2,nominal,C10-R10,C10,R10,1,10,"[1,0,0,0,0,0,0,0,0,-1]",0.0,-1,1,1,1,8
feasible-best,pd_v2,nominal,M10-C10,M10,C10,1,10,"[0,0,0,0,0,0,0,0,0,1]",0.0,0,1,1,0,9
feasible-best,pd_v2,nominal,S-replay,S,replay,1,10,"[-1,0,0,0,0,0,0,0,0,0]",0.0,-1,0,0,1,9
feasible-best,pd_v2,nominal,R10-replay,R10,replay,1,10,"[-1,0,0,0,0,0,0,0,0,0]",0.0,-1,0,0,1,9
feasible-best,pd_v2,nominal,C10-replay,C10,replay,1,10,"[0,0,0,0,0,0,0,0,0,-1]",0.0,-1,0,0,1,9
feasible-best,pd_v2,nominal,M10-replay,M10,replay,1,10,"[0,0,0,0,0,0,0,0,0,0]",0.0,0,0,0,0,10
feasible-best,pd_v2,posture_small,M10-S,M10,S,20,10,"[14,-6,0,-6,-6,-6,-6,-6,-6,3]",-6.0,-6,14,2,7,1
feasible-best,pd_v2,posture_small,M10-R10,M10,R10,20,10,"[14,-6,0,-6,-6,-6,-6,-6,-6,3]",-6.0,-6,14,2,7,1
feasible-best,pd_v2,posture_small,C10-R10,C10,R10,20,10,"[20,0,6,0,0,0,0,0,0,-11]",0.0,-11,20,2,1,7
feasible-best,pd_v2,posture_small,M10-C10,M10,C10,20,10,"[-6,-6,-6,-6,-6,-6,-6,-6,-6,14]",-6.0,-6,14,1,9,0
feasible-best,pd_v2,posture_small,S-replay,S,replay,20,10,"[-20,0,-6,0,0,0,0,0,0,-9]",0.0,-20,0,0,3,7
feasible-best,pd_v2,posture_small,R10-replay,R10,replay,20,10,"[-20,0,-6,0,0,0,0,0,0,-9]",0.0,-20,0,0,3,7
feasible-best,pd_v2,posture_small,C10-replay,C10,replay,20,10,"[0,0,0,0,0,0,0,0,0,-20]",0.0,-20,0,0,1,9
feasible-best,pd_v2,posture_small,M10-replay,M10,replay,20,10,"[-6,-6,-6,-6,-6,-6,-6,-6,-6,-6]",-6.0,-6,-6,0,10,0
feasible-best,pd_v2,posture_large,M10-S,M10,S,20,10,"[17,-3,0,-3,-3,-3,-3,-3,-3,0]",-3.0,-3,17,1,7,2
feasible-best,pd_v2,posture_large,M10-R10,M10,R10,20,10,"[17,-3,0,-3,-3,-3,-3,-3,-3,0]",-3.0,-3,17,1,7,2
feasible-best,pd_v2,posture_large,C10-R10,C10,R10,20,10,"[20,0,3,0,0,0,0,0,0,-17]",0.0,-17,20,2,1,7
feasible-best,pd_v2,posture_large,M10-C10,M10,C10,20,10,"[-3,-3,-3,-3,-3,-3,-3,-3,-3,17]",-3.0,-3,17,1,9,0
feasible-best,pd_v2,posture_large,S-replay,S,replay,20,10,"[-20,0,-3,0,0,0,0,0,0,-3]",0.0,-20,0,0,3,7
feasible-best,pd_v2,posture_large,R10-replay,R10,replay,20,10,"[-20,0,-3,0,0,0,0,0,0,-3]",0.0,-20,0,0,3,7
feasible-best,pd_v2,posture_large,C10-replay,C10,replay,20,10,"[0,0,0,0,0,0,0,0,0,-20]",0.0,-20,0,0,1,9
feasible-best,pd_v2,posture_large,M10-replay,M10,replay,20,10,"[-3,-3,-3,-3,-3,-3,-3,-3,-3,-3]",-3.0,-3,-3,0,10,0
feasible-best,pd_v2,force,M10-S,M10,S,4,10,"[3,0,0,0,0,0,0,0,0,0]",0.0,0,3,1,0,9
feasible-best,pd_v2,force,M10-R10,M10,R10,4,10,"[3,0,0,0,0,0,0,0,0,0]",0.0,0,3,1,0,9
feasible-best,pd_v2,force,C10-R10,C10,R10,4,10,"[2,0,0,0,0,-1,0,0,0,-3]",0.0,-3,2,1,2,7
feasible-best,pd_v2,force,M10-C10,M10,C10,4,10,"[1,0,0,0,0,1,0,0,0,3]",0.0,0,3,3,0,7
feasible-best,pd_v2,force,S-replay,S,replay,4,10,"[-3,0,0,0,0,0,0,0,0,0]",0.0,-3,0,0,1,9
feasible-best,pd_v2,force,R10-replay,R10,replay,4,10,"[-3,0,0,0,0,0,0,0,0,0]",0.0,-3,0,0,1,9
feasible-best,pd_v2,force,C10-replay,C10,replay,4,10,"[-1,0,0,0,0,-1,0,0,0,-3]",0.0,-3,0,0,3,7
feasible-best,pd_v2,force,M10-replay,M10,replay,4,10,"[0,0,0,0,0,0,0,0,0,0]",0.0,0,0,0,0,10
feasible-best,pd_v2,combined,M10-S,M10,S,20,10,"[14,-6,0,-6,-6,-6,-6,-6,-6,3]",-6.0,-6,14,2,7,1
feasible-best,pd_v2,combined,M10-R10,M10,R10,20,10,"[14,-6,0,-6,-6,-6,-6,-6,-6,3]",-6.0,-6,14,2,7,1
feasible-best,pd_v2,combined,C10-R10,C10,R10,20,10,"[15,0,6,0,0,-5,0,0,0,-6]",0.0,-6,15,2,2,6
feasible-best,pd_v2,combined,M10-C10,M10,C10,20,10,"[-1,-6,-6,-6,-6,-1,-6,-6,-6,9]",-6.0,-6,9,1,9,0
feasible-best,pd_v2,combined,S-replay,S,replay,20,10,"[-20,0,-6,0,0,0,0,0,0,-9]",0.0,-20,0,0,3,7
feasible-best,pd_v2,combined,R10-replay,R10,replay,20,10,"[-20,0,-6,0,0,0,0,0,0,-9]",0.0,-20,0,0,3,7
feasible-best,pd_v2,combined,C10-replay,C10,replay,20,10,"[-5,0,0,0,0,-5,0,0,0,-15]",0.0,-15,0,0,3,7
feasible-best,pd_v2,combined,M10-replay,M10,replay,20,10,"[-6,-6,-6,-6,-6,-6,-6,-6,-6,-6]",-6.0,-6,-6,0,10,0
feasible-best,pd_v2,all,M10-S,M10,S,65,10,"[49,-15,0,-15,-15,-15,-15,-15,-15,6]",-15.0,-15,49,2,7,1
feasible-best,pd_v2,all,M10-R10,M10,R10,65,10,"[49,-15,0,-15,-15,-15,-15,-15,-15,6]",-15.0,-15,49,2,7,1
feasible-best,pd_v2,all,C10-R10,C10,R10,65,10,"[58,0,15,0,0,-6,0,0,0,-38]",0.0,-38,58,2,2,6
feasible-best,pd_v2,all,M10-C10,M10,C10,65,10,"[-9,-15,-15,-15,-15,-9,-15,-15,-15,44]",-15.0,-15,44,1,9,0
feasible-best,pd_v2,all,S-replay,S,replay,65,10,"[-64,0,-15,0,0,0,0,0,0,-21]",0.0,-64,0,0,3,7
feasible-best,pd_v2,all,R10-replay,R10,replay,65,10,"[-64,0,-15,0,0,0,0,0,0,-21]",0.0,-64,0,0,3,7
feasible-best,pd_v2,all,C10-replay,C10,replay,65,10,"[-6,0,0,0,0,-6,0,0,0,-59]",0.0,-59,0,0,3,7
feasible-best,pd_v2,all,M10-replay,M10,replay,65,10,"[-15,-15,-15,-15,-15,-15,-15,-15,-15,-15]",-15.0,-15,-15,0,10,0
feasible-best,computed_torque,nominal,M10-S,M10,S,1,10,"[1,0,0,0,0,0,0,0,0,0]",0.0,0,1,1,0,9
feasible-best,computed_torque,nominal,M10-R10,M10,R10,1,10,"[1,0,0,0,0,0,0,0,0,0]",0.0,0,1,1,0,9
feasible-best,computed_torque,nominal,C10-R10,C10,R10,1,10,"[1,0,0,0,0,0,0,0,0,-1]",0.0,-1,1,1,1,8
feasible-best,computed_torque,nominal,M10-C10,M10,C10,1,10,"[0,0,0,0,0,0,0,0,0,1]",0.0,0,1,1,0,9
feasible-best,computed_torque,nominal,S-replay,S,replay,1,10,"[-1,0,0,0,0,0,0,0,0,0]",0.0,-1,0,0,1,9
feasible-best,computed_torque,nominal,R10-replay,R10,replay,1,10,"[-1,0,0,0,0,0,0,0,0,0]",0.0,-1,0,0,1,9
feasible-best,computed_torque,nominal,C10-replay,C10,replay,1,10,"[0,0,0,0,0,0,0,0,0,-1]",0.0,-1,0,0,1,9
feasible-best,computed_torque,nominal,M10-replay,M10,replay,1,10,"[0,0,0,0,0,0,0,0,0,0]",0.0,0,0,0,0,10
feasible-best,computed_torque,posture_small,M10-S,M10,S,20,10,"[14,-6,0,-6,-6,-6,-6,-6,-6,3]",-6.0,-6,14,2,7,1
feasible-best,computed_torque,posture_small,M10-R10,M10,R10,20,10,"[14,-6,0,-6,-6,-6,-6,-6,-6,3]",-6.0,-6,14,2,7,1
feasible-best,computed_torque,posture_small,C10-R10,C10,R10,20,10,"[20,0,6,0,0,0,0,0,0,-11]",0.0,-11,20,2,1,7
feasible-best,computed_torque,posture_small,M10-C10,M10,C10,20,10,"[-6,-6,-6,-6,-6,-6,-6,-6,-6,14]",-6.0,-6,14,1,9,0
feasible-best,computed_torque,posture_small,S-replay,S,replay,20,10,"[-20,0,-6,0,0,0,0,0,0,-9]",0.0,-20,0,0,3,7
feasible-best,computed_torque,posture_small,R10-replay,R10,replay,20,10,"[-20,0,-6,0,0,0,0,0,0,-9]",0.0,-20,0,0,3,7
feasible-best,computed_torque,posture_small,C10-replay,C10,replay,20,10,"[0,0,0,0,0,0,0,0,0,-20]",0.0,-20,0,0,1,9
feasible-best,computed_torque,posture_small,M10-replay,M10,replay,20,10,"[-6,-6,-6,-6,-6,-6,-6,-6,-6,-6]",-6.0,-6,-6,0,10,0
feasible-best,computed_torque,posture_large,M10-S,M10,S,20,10,"[17,-2,1,-3,-3,-3,-3,-3,-3,0]",-3.0,-3,17,2,7,1
feasible-best,computed_torque,posture_large,M10-R10,M10,R10,20,10,"[17,-2,1,-3,-3,-3,-3,-3,-3,0]",-3.0,-3,17,2,7,1
feasible-best,computed_torque,posture_large,C10-R10,C10,R10,20,10,"[20,1,4,0,0,0,0,0,0,-17]",0.0,-17,20,3,1,6
feasible-best,computed_torque,posture_large,M10-C10,M10,C10,20,10,"[-3,-3,-3,-3,-3,-3,-3,-3,-3,17]",-3.0,-3,17,1,9,0
feasible-best,computed_torque,posture_large,S-replay,S,replay,20,10,"[-20,-1,-4,0,0,0,0,0,0,-3]",0.0,-20,0,0,4,6
feasible-best,computed_torque,posture_large,R10-replay,R10,replay,20,10,"[-20,-1,-4,0,0,0,0,0,0,-3]",0.0,-20,0,0,4,6
feasible-best,computed_torque,posture_large,C10-replay,C10,replay,20,10,"[0,0,0,0,0,0,0,0,0,-20]",0.0,-20,0,0,1,9
feasible-best,computed_torque,posture_large,M10-replay,M10,replay,20,10,"[-3,-3,-3,-3,-3,-3,-3,-3,-3,-3]",-3.0,-3,-3,0,10,0
feasible-best,computed_torque,force,M10-S,M10,S,4,10,"[2,0,0,-1,-1,-1,-1,-1,0,0]",-0.5,-1,2,1,5,4
feasible-best,computed_torque,force,M10-R10,M10,R10,4,10,"[2,0,0,-1,-1,-1,-1,-1,0,0]",-0.5,-1,2,1,5,4
feasible-best,computed_torque,force,C10-R10,C10,R10,4,10,"[2,0,0,0,0,-2,-1,0,1,-2]",0.0,-2,2,2,3,5
feasible-best,computed_torque,force,M10-C10,M10,C10,4,10,"[0,0,0,-1,-1,1,0,-1,-1,2]",0.0,-1,2,2,4,4
feasible-best,computed_torque,force,S-replay,S,replay,4,10,"[-4,-2,-2,-1,-1,-1,-1,-1,-2,-2]",-1.5,-4,-1,0,10,0
feasible-best,computed_torque,force,R10-replay,R10,replay,4,10,"[-4,-2,-2,-1,-1,-1,-1,-1,-2,-2]",-1.5,-4,-1,0,10,0
feasible-best,computed_torque,force,C10-replay,C10,replay,4,10,"[-2,-2,-2,-1,-1,-3,-2,-1,-1,-4]",-2.0,-4,-1,0,10,0
feasible-best,computed_torque,force,M10-replay,M10,replay,4,10,"[-2,-2,-2,-2,-2,-2,-2,-2,-2,-2]",-2.0,-2,-2,0,10,0
feasible-best,computed_torque,combined,M10-S,M10,S,20,10,"[8,-2,0,-7,-7,-7,-7,-7,-2,2]",-4.5,-7,8,2,7,1
feasible-best,computed_torque,combined,M10-R10,M10,R10,20,10,"[8,-2,0,-7,-7,-7,-7,-7,-2,2]",-4.5,-7,8,2,7,1
feasible-best,computed_torque,combined,C10-R10,C10,R10,20,10,"[10,0,2,0,0,-9,-5,0,5,-6]",0.0,-9,10,3,3,4
feasible-best,computed_torque,combined,M10-C10,M10,C10,20,10,"[-2,-2,-2,-7,-7,2,-2,-7,-7,8]",-2.0,-7,8,2,8,0
feasible-best,computed_torque,combined,S-replay,S,replay,20,10,"[-20,-10,-12,-5,-5,-5,-5,-5,-10,-14]",-7.5,-20,-5,0,10,0
feasible-best,computed_torque,combined,R10-replay,R10,replay,20,10,"[-20,-10,-12,-5,-5,-5,-5,-5,-10,-14]",-7.5,-20,-5,0,10,0
feasible-best,computed_torque,combined,C10-replay,C10,replay,20,10,"[-10,-10,-10,-5,-5,-14,-10,-5,-5,-20]",-10.0,-20,-5,0,10,0
feasible-best,computed_torque,combined,M10-replay,M10,replay,20,10,"[-12,-12,-12,-12,-12,-12,-12,-12,-12,-12]",-12.0,-12,-12,0,10,0
feasible-best,computed_torque,all,M10-S,M10,S,65,10,"[42,-10,1,-17,-17,-17,-17,-17,-11,5]",-14.0,-17,42,3,7,0
feasible-best,computed_torque,all,M10-R10,M10,R10,65,10,"[42,-10,1,-17,-17,-17,-17,-17,-11,5]",-14.0,-17,42,3,7,0
feasible-best,computed_torque,all,C10-R10,C10,R10,65,10,"[53,1,12,0,0,-11,-6,0,6,-37]",0.0,-37,53,4,3,3
feasible-best,computed_torque,all,M10-C10,M10,C10,65,10,"[-11,-11,-11,-17,-17,-6,-11,-17,-17,42]",-11.0,-17,42,1,9,0
feasible-best,computed_torque,all,S-replay,S,replay,65,10,"[-65,-13,-24,-6,-6,-6,-6,-6,-12,-28]",-9.0,-65,-6,0,10,0
feasible-best,computed_torque,all,R10-replay,R10,replay,65,10,"[-65,-13,-24,-6,-6,-6,-6,-6,-12,-28]",-9.0,-65,-6,0,10,0
feasible-best,computed_torque,all,C10-replay,C10,replay,65,10,"[-12,-12,-12,-6,-6,-17,-12,-6,-6,-65]",-12.0,-65,-6,0,10,0
feasible-best,computed_torque,all,M10-replay,M10,replay,65,10,"[-23,-23,-23,-23,-23,-23,-23,-23,-23,-23]",-23.0,-23,-23,0,10,0
feasible-middle,pd_v2,nominal,M10-S,M10,S,1,10,"[0,0,0,0,0,0,0,0,0,0]",0.0,0,0,0,0,10
feasible-middle,pd_v2,nominal,M10-R10,M10,R10,1,10,"[0,0,0,0,0,0,0,0,0,0]",0.0,0,0,0,0,10
feasible-middle,pd_v2,nominal,C10-R10,C10,R10,1,10,"[-1,-1,-1,-1,-1,-1,-1,-1,-1,-1]",-1.0,-1,-1,0,10,0
feasible-middle,pd_v2,nominal,M10-C10,M10,C10,1,10,"[1,1,1,1,1,1,1,1,1,1]",1.0,1,1,10,0,0
feasible-middle,pd_v2,nominal,S-replay,S,replay,1,10,"[0,0,0,0,0,0,0,0,0,0]",0.0,0,0,0,0,10
feasible-middle,pd_v2,nominal,R10-replay,R10,replay,1,10,"[0,0,0,0,0,0,0,0,0,0]",0.0,0,0,0,0,10
feasible-middle,pd_v2,nominal,C10-replay,C10,replay,1,10,"[-1,-1,-1,-1,-1,-1,-1,-1,-1,-1]",-1.0,-1,-1,0,10,0
feasible-middle,pd_v2,nominal,M10-replay,M10,replay,1,10,"[0,0,0,0,0,0,0,0,0,0]",0.0,0,0,0,0,10
feasible-middle,pd_v2,posture_small,M10-S,M10,S,20,10,"[-15,-15,-15,-15,-15,-15,-15,-15,-15,-15]",-15.0,-15,-15,0,10,0
feasible-middle,pd_v2,posture_small,M10-R10,M10,R10,20,10,"[-15,-15,-15,-15,-15,-15,-15,-15,-15,-15]",-15.0,-15,-15,0,10,0
feasible-middle,pd_v2,posture_small,C10-R10,C10,R10,20,10,"[-20,-20,-20,-20,-20,-20,-20,-20,-20,-20]",-20.0,-20,-20,0,10,0
feasible-middle,pd_v2,posture_small,M10-C10,M10,C10,20,10,"[5,5,5,5,5,5,5,5,5,5]",5.0,5,5,10,0,0
feasible-middle,pd_v2,posture_small,S-replay,S,replay,20,10,"[0,0,0,0,0,0,0,0,0,0]",0.0,0,0,0,0,10
feasible-middle,pd_v2,posture_small,R10-replay,R10,replay,20,10,"[0,0,0,0,0,0,0,0,0,0]",0.0,0,0,0,0,10
feasible-middle,pd_v2,posture_small,C10-replay,C10,replay,20,10,"[-20,-20,-20,-20,-20,-20,-20,-20,-20,-20]",-20.0,-20,-20,0,10,0
feasible-middle,pd_v2,posture_small,M10-replay,M10,replay,20,10,"[-15,-15,-15,-15,-15,-15,-15,-15,-15,-15]",-15.0,-15,-15,0,10,0
feasible-middle,pd_v2,posture_large,M10-S,M10,S,20,10,"[-18,-18,-18,-18,-18,-18,-18,-18,-18,-18]",-18.0,-18,-18,0,10,0
feasible-middle,pd_v2,posture_large,M10-R10,M10,R10,20,10,"[-18,-18,-18,-18,-18,-18,-18,-18,-18,-18]",-18.0,-18,-18,0,10,0
feasible-middle,pd_v2,posture_large,C10-R10,C10,R10,20,10,"[-20,-20,-20,-20,-20,-20,-20,-20,-20,-20]",-20.0,-20,-20,0,10,0
feasible-middle,pd_v2,posture_large,M10-C10,M10,C10,20,10,"[2,2,2,2,2,2,2,2,2,2]",2.0,2,2,10,0,0
feasible-middle,pd_v2,posture_large,S-replay,S,replay,20,10,"[0,0,0,0,0,0,0,0,0,0]",0.0,0,0,0,0,10
feasible-middle,pd_v2,posture_large,R10-replay,R10,replay,20,10,"[0,0,0,0,0,0,0,0,0,0]",0.0,0,0,0,0,10
feasible-middle,pd_v2,posture_large,C10-replay,C10,replay,20,10,"[-20,-20,-20,-20,-20,-20,-20,-20,-20,-20]",-20.0,-20,-20,0,10,0
feasible-middle,pd_v2,posture_large,M10-replay,M10,replay,20,10,"[-18,-18,-18,-18,-18,-18,-18,-18,-18,-18]",-18.0,-18,-18,0,10,0
feasible-middle,pd_v2,force,M10-S,M10,S,4,10,"[0,-1,-1,-1,-1,-1,-1,-1,-1,-1]",-1.0,-1,0,0,9,1
feasible-middle,pd_v2,force,M10-R10,M10,R10,4,10,"[0,-1,-1,-1,-1,-1,-1,-1,-1,-1]",-1.0,-1,0,0,9,1
feasible-middle,pd_v2,force,C10-R10,C10,R10,4,10,"[-3,-4,-4,-4,-4,-4,-4,-4,-4,-4]",-4.0,-4,-3,0,10,0
feasible-middle,pd_v2,force,M10-C10,M10,C10,4,10,"[3,3,3,3,3,3,3,3,3,3]",3.0,3,3,10,0,0
feasible-middle,pd_v2,force,S-replay,S,replay,4,10,"[-1,0,0,0,0,0,0,0,0,0]",0.0,-1,0,0,1,9
feasible-middle,pd_v2,force,R10-replay,R10,replay,4,10,"[-1,0,0,0,0,0,0,0,0,0]",0.0,-1,0,0,1,9
feasible-middle,pd_v2,force,C10-replay,C10,replay,4,10,"[-4,-4,-4,-4,-4,-4,-4,-4,-4,-4]",-4.0,-4,-4,0,10,0
feasible-middle,pd_v2,force,M10-replay,M10,replay,4,10,"[-1,-1,-1,-1,-1,-1,-1,-1,-1,-1]",-1.0,-1,-1,0,10,0
feasible-middle,pd_v2,combined,M10-S,M10,S,20,10,"[-12,-17,-17,-17,-17,-17,-17,-17,-17,-17]",-17.0,-17,-12,0,10,0
feasible-middle,pd_v2,combined,M10-R10,M10,R10,20,10,"[-12,-17,-17,-17,-17,-17,-17,-17,-17,-17]",-17.0,-17,-12,0,10,0
feasible-middle,pd_v2,combined,C10-R10,C10,R10,20,10,"[-15,-20,-20,-20,-20,-20,-20,-20,-20,-20]",-20.0,-20,-15,0,10,0
feasible-middle,pd_v2,combined,M10-C10,M10,C10,20,10,"[3,3,3,3,3,3,3,3,3,3]",3.0,3,3,10,0,0
feasible-middle,pd_v2,combined,S-replay,S,replay,20,10,"[-5,0,0,0,0,0,0,0,0,0]",0.0,-5,0,0,1,9
feasible-middle,pd_v2,combined,R10-replay,R10,replay,20,10,"[-5,0,0,0,0,0,0,0,0,0]",0.0,-5,0,0,1,9
feasible-middle,pd_v2,combined,C10-replay,C10,replay,20,10,"[-20,-20,-20,-20,-20,-20,-20,-20,-20,-20]",-20.0,-20,-20,0,10,0
feasible-middle,pd_v2,combined,M10-replay,M10,replay,20,10,"[-17,-17,-17,-17,-17,-17,-17,-17,-17,-17]",-17.0,-17,-17,0,10,0
feasible-middle,pd_v2,all,M10-S,M10,S,65,10,"[-45,-51,-51,-51,-51,-51,-51,-51,-51,-51]",-51.0,-51,-45,0,10,0
feasible-middle,pd_v2,all,M10-R10,M10,R10,65,10,"[-45,-51,-51,-51,-51,-51,-51,-51,-51,-51]",-51.0,-51,-45,0,10,0
feasible-middle,pd_v2,all,C10-R10,C10,R10,65,10,"[-59,-65,-65,-65,-65,-65,-65,-65,-65,-65]",-65.0,-65,-59,0,10,0
feasible-middle,pd_v2,all,M10-C10,M10,C10,65,10,"[14,14,14,14,14,14,14,14,14,14]",14.0,14,14,10,0,0
feasible-middle,pd_v2,all,S-replay,S,replay,65,10,"[-6,0,0,0,0,0,0,0,0,0]",0.0,-6,0,0,1,9
feasible-middle,pd_v2,all,R10-replay,R10,replay,65,10,"[-6,0,0,0,0,0,0,0,0,0]",0.0,-6,0,0,1,9
feasible-middle,pd_v2,all,C10-replay,C10,replay,65,10,"[-65,-65,-65,-65,-65,-65,-65,-65,-65,-65]",-65.0,-65,-65,0,10,0
feasible-middle,pd_v2,all,M10-replay,M10,replay,65,10,"[-51,-51,-51,-51,-51,-51,-51,-51,-51,-51]",-51.0,-51,-51,0,10,0
feasible-middle,computed_torque,nominal,M10-S,M10,S,1,10,"[0,0,0,0,0,0,0,0,0,0]",0.0,0,0,0,0,10
feasible-middle,computed_torque,nominal,M10-R10,M10,R10,1,10,"[0,0,0,0,0,0,0,0,0,0]",0.0,0,0,0,0,10
feasible-middle,computed_torque,nominal,C10-R10,C10,R10,1,10,"[-1,-1,-1,-1,-1,-1,-1,-1,-1,-1]",-1.0,-1,-1,0,10,0
feasible-middle,computed_torque,nominal,M10-C10,M10,C10,1,10,"[1,1,1,1,1,1,1,1,1,1]",1.0,1,1,10,0,0
feasible-middle,computed_torque,nominal,S-replay,S,replay,1,10,"[0,0,0,0,0,0,0,0,0,0]",0.0,0,0,0,0,10
feasible-middle,computed_torque,nominal,R10-replay,R10,replay,1,10,"[0,0,0,0,0,0,0,0,0,0]",0.0,0,0,0,0,10
feasible-middle,computed_torque,nominal,C10-replay,C10,replay,1,10,"[-1,-1,-1,-1,-1,-1,-1,-1,-1,-1]",-1.0,-1,-1,0,10,0
feasible-middle,computed_torque,nominal,M10-replay,M10,replay,1,10,"[0,0,0,0,0,0,0,0,0,0]",0.0,0,0,0,0,10
feasible-middle,computed_torque,posture_small,M10-S,M10,S,20,10,"[-15,-15,-15,-15,-15,-15,-15,-15,-15,-15]",-15.0,-15,-15,0,10,0
feasible-middle,computed_torque,posture_small,M10-R10,M10,R10,20,10,"[-15,-15,-15,-15,-15,-15,-15,-15,-15,-15]",-15.0,-15,-15,0,10,0
feasible-middle,computed_torque,posture_small,C10-R10,C10,R10,20,10,"[-20,-20,-20,-20,-20,-20,-20,-20,-20,-20]",-20.0,-20,-20,0,10,0
feasible-middle,computed_torque,posture_small,M10-C10,M10,C10,20,10,"[5,5,5,5,5,5,5,5,5,5]",5.0,5,5,10,0,0
feasible-middle,computed_torque,posture_small,S-replay,S,replay,20,10,"[0,0,0,0,0,0,0,0,0,0]",0.0,0,0,0,0,10
feasible-middle,computed_torque,posture_small,R10-replay,R10,replay,20,10,"[0,0,0,0,0,0,0,0,0,0]",0.0,0,0,0,0,10
feasible-middle,computed_torque,posture_small,C10-replay,C10,replay,20,10,"[-20,-20,-20,-20,-20,-20,-20,-20,-20,-20]",-20.0,-20,-20,0,10,0
feasible-middle,computed_torque,posture_small,M10-replay,M10,replay,20,10,"[-15,-15,-15,-15,-15,-15,-15,-15,-15,-15]",-15.0,-15,-15,0,10,0
feasible-middle,computed_torque,posture_large,M10-S,M10,S,20,10,"[-15,-15,-15,-15,-15,-15,-15,-15,-15,-15]",-15.0,-15,-15,0,10,0
feasible-middle,computed_torque,posture_large,M10-R10,M10,R10,20,10,"[-15,-15,-15,-15,-15,-15,-15,-15,-15,-15]",-15.0,-15,-15,0,10,0
feasible-middle,computed_torque,posture_large,C10-R10,C10,R10,20,10,"[-20,-20,-20,-20,-20,-20,-20,-20,-20,-20]",-20.0,-20,-20,0,10,0
feasible-middle,computed_torque,posture_large,M10-C10,M10,C10,20,10,"[5,5,5,5,5,5,5,5,5,5]",5.0,5,5,10,0,0
feasible-middle,computed_torque,posture_large,S-replay,S,replay,20,10,"[0,0,0,0,0,0,0,0,0,0]",0.0,0,0,0,0,10
feasible-middle,computed_torque,posture_large,R10-replay,R10,replay,20,10,"[0,0,0,0,0,0,0,0,0,0]",0.0,0,0,0,0,10
feasible-middle,computed_torque,posture_large,C10-replay,C10,replay,20,10,"[-20,-20,-20,-20,-20,-20,-20,-20,-20,-20]",-20.0,-20,-20,0,10,0
feasible-middle,computed_torque,posture_large,M10-replay,M10,replay,20,10,"[-15,-15,-15,-15,-15,-15,-15,-15,-15,-15]",-15.0,-15,-15,0,10,0
feasible-middle,computed_torque,force,M10-S,M10,S,4,10,"[0,0,0,0,0,0,0,0,0,0]",0.0,0,0,0,0,10
feasible-middle,computed_torque,force,M10-R10,M10,R10,4,10,"[0,0,0,0,0,0,0,0,0,0]",0.0,0,0,0,0,10
feasible-middle,computed_torque,force,C10-R10,C10,R10,4,10,"[0,0,0,0,0,0,0,0,0,0]",0.0,0,0,0,0,10
feasible-middle,computed_torque,force,M10-C10,M10,C10,4,10,"[0,0,0,0,0,0,0,0,0,0]",0.0,0,0,0,0,10
feasible-middle,computed_torque,force,S-replay,S,replay,4,10,"[-4,-4,-4,-4,-4,-4,-4,-4,-4,-4]",-4.0,-4,-4,0,10,0
feasible-middle,computed_torque,force,R10-replay,R10,replay,4,10,"[-4,-4,-4,-4,-4,-4,-4,-4,-4,-4]",-4.0,-4,-4,0,10,0
feasible-middle,computed_torque,force,C10-replay,C10,replay,4,10,"[-4,-4,-4,-4,-4,-4,-4,-4,-4,-4]",-4.0,-4,-4,0,10,0
feasible-middle,computed_torque,force,M10-replay,M10,replay,4,10,"[-4,-4,-4,-4,-4,-4,-4,-4,-4,-4]",-4.0,-4,-4,0,10,0
feasible-middle,computed_torque,combined,M10-S,M10,S,20,10,"[0,0,0,0,0,0,0,0,0,0]",0.0,0,0,0,0,10
feasible-middle,computed_torque,combined,M10-R10,M10,R10,20,10,"[0,0,0,0,0,0,0,0,0,0]",0.0,0,0,0,0,10
feasible-middle,computed_torque,combined,C10-R10,C10,R10,20,10,"[0,0,0,0,0,0,0,0,0,0]",0.0,0,0,0,0,10
feasible-middle,computed_torque,combined,M10-C10,M10,C10,20,10,"[0,0,0,0,0,0,0,0,0,0]",0.0,0,0,0,0,10
feasible-middle,computed_torque,combined,S-replay,S,replay,20,10,"[-20,-20,-20,-20,-20,-20,-20,-20,-20,-20]",-20.0,-20,-20,0,10,0
feasible-middle,computed_torque,combined,R10-replay,R10,replay,20,10,"[-20,-20,-20,-20,-20,-20,-20,-20,-20,-20]",-20.0,-20,-20,0,10,0
feasible-middle,computed_torque,combined,C10-replay,C10,replay,20,10,"[-20,-20,-20,-20,-20,-20,-20,-20,-20,-20]",-20.0,-20,-20,0,10,0
feasible-middle,computed_torque,combined,M10-replay,M10,replay,20,10,"[-20,-20,-20,-20,-20,-20,-20,-20,-20,-20]",-20.0,-20,-20,0,10,0
feasible-middle,computed_torque,all,M10-S,M10,S,65,10,"[-30,-30,-30,-30,-30,-30,-30,-30,-30,-30]",-30.0,-30,-30,0,10,0
feasible-middle,computed_torque,all,M10-R10,M10,R10,65,10,"[-30,-30,-30,-30,-30,-30,-30,-30,-30,-30]",-30.0,-30,-30,0,10,0
feasible-middle,computed_torque,all,C10-R10,C10,R10,65,10,"[-41,-41,-41,-41,-41,-41,-41,-41,-41,-41]",-41.0,-41,-41,0,10,0
feasible-middle,computed_torque,all,M10-C10,M10,C10,65,10,"[11,11,11,11,11,11,11,11,11,11]",11.0,11,11,10,0,0
feasible-middle,computed_torque,all,S-replay,S,replay,65,10,"[-24,-24,-24,-24,-24,-24,-24,-24,-24,-24]",-24.0,-24,-24,0,10,0
feasible-middle,computed_torque,all,R10-replay,R10,replay,65,10,"[-24,-24,-24,-24,-24,-24,-24,-24,-24,-24]",-24.0,-24,-24,0,10,0
feasible-middle,computed_torque,all,C10-replay,C10,replay,65,10,"[-65,-65,-65,-65,-65,-65,-65,-65,-65,-65]",-65.0,-65,-65,0,10,0
feasible-middle,computed_torque,all,M10-replay,M10,replay,65,10,"[-54,-54,-54,-54,-54,-54,-54,-54,-54,-54]",-54.0,-54,-54,0,10,0
feasible-worst,pd_v2,nominal,M10-S,M10,S,1,10,"[0,0,0,0,0,0,0,0,0,0]",0.0,0,0,0,0,10
feasible-worst,pd_v2,nominal,M10-R10,M10,R10,1,10,"[0,0,0,0,0,0,0,0,0,0]",0.0,0,0,0,0,10
feasible-worst,pd_v2,nominal,C10-R10,C10,R10,1,10,"[0,0,0,0,0,0,0,0,0,0]",0.0,0,0,0,0,10
feasible-worst,pd_v2,nominal,M10-C10,M10,C10,1,10,"[0,0,0,0,0,0,0,0,0,0]",0.0,0,0,0,0,10
feasible-worst,pd_v2,nominal,S-replay,S,replay,1,10,"[0,0,0,0,0,0,0,0,0,0]",0.0,0,0,0,0,10
feasible-worst,pd_v2,nominal,R10-replay,R10,replay,1,10,"[0,0,0,0,0,0,0,0,0,0]",0.0,0,0,0,0,10
feasible-worst,pd_v2,nominal,C10-replay,C10,replay,1,10,"[0,0,0,0,0,0,0,0,0,0]",0.0,0,0,0,0,10
feasible-worst,pd_v2,nominal,M10-replay,M10,replay,1,10,"[0,0,0,0,0,0,0,0,0,0]",0.0,0,0,0,0,10
feasible-worst,pd_v2,posture_small,M10-S,M10,S,20,10,"[0,0,0,0,0,0,0,0,0,0]",0.0,0,0,0,0,10
feasible-worst,pd_v2,posture_small,M10-R10,M10,R10,20,10,"[0,0,0,0,0,0,0,0,0,0]",0.0,0,0,0,0,10
feasible-worst,pd_v2,posture_small,C10-R10,C10,R10,20,10,"[0,0,0,0,0,0,0,0,0,0]",0.0,0,0,0,0,10
feasible-worst,pd_v2,posture_small,M10-C10,M10,C10,20,10,"[0,0,0,0,0,0,0,0,0,0]",0.0,0,0,0,0,10
feasible-worst,pd_v2,posture_small,S-replay,S,replay,20,10,"[0,0,0,0,0,0,0,0,0,0]",0.0,0,0,0,0,10
feasible-worst,pd_v2,posture_small,R10-replay,R10,replay,20,10,"[0,0,0,0,0,0,0,0,0,0]",0.0,0,0,0,0,10
feasible-worst,pd_v2,posture_small,C10-replay,C10,replay,20,10,"[0,0,0,0,0,0,0,0,0,0]",0.0,0,0,0,0,10
feasible-worst,pd_v2,posture_small,M10-replay,M10,replay,20,10,"[0,0,0,0,0,0,0,0,0,0]",0.0,0,0,0,0,10
feasible-worst,pd_v2,posture_large,M10-S,M10,S,20,10,"[0,0,0,0,0,0,0,0,0,0]",0.0,0,0,0,0,10
feasible-worst,pd_v2,posture_large,M10-R10,M10,R10,20,10,"[0,0,0,0,0,0,0,0,0,0]",0.0,0,0,0,0,10
feasible-worst,pd_v2,posture_large,C10-R10,C10,R10,20,10,"[0,0,0,0,0,0,0,0,0,0]",0.0,0,0,0,0,10
feasible-worst,pd_v2,posture_large,M10-C10,M10,C10,20,10,"[0,0,0,0,0,0,0,0,0,0]",0.0,0,0,0,0,10
feasible-worst,pd_v2,posture_large,S-replay,S,replay,20,10,"[0,0,0,0,0,0,0,0,0,0]",0.0,0,0,0,0,10
feasible-worst,pd_v2,posture_large,R10-replay,R10,replay,20,10,"[0,0,0,0,0,0,0,0,0,0]",0.0,0,0,0,0,10
feasible-worst,pd_v2,posture_large,C10-replay,C10,replay,20,10,"[0,0,0,0,0,0,0,0,0,0]",0.0,0,0,0,0,10
feasible-worst,pd_v2,posture_large,M10-replay,M10,replay,20,10,"[0,0,0,0,0,0,0,0,0,0]",0.0,0,0,0,0,10
feasible-worst,pd_v2,force,M10-S,M10,S,4,10,"[0,0,0,0,0,0,0,0,0,0]",0.0,0,0,0,0,10
feasible-worst,pd_v2,force,M10-R10,M10,R10,4,10,"[0,0,0,0,0,0,0,0,0,0]",0.0,0,0,0,0,10
feasible-worst,pd_v2,force,C10-R10,C10,R10,4,10,"[0,0,0,0,0,0,0,0,0,0]",0.0,0,0,0,0,10
feasible-worst,pd_v2,force,M10-C10,M10,C10,4,10,"[0,0,0,0,0,0,0,0,0,0]",0.0,0,0,0,0,10
feasible-worst,pd_v2,force,S-replay,S,replay,4,10,"[0,0,0,0,0,0,0,0,0,0]",0.0,0,0,0,0,10
feasible-worst,pd_v2,force,R10-replay,R10,replay,4,10,"[0,0,0,0,0,0,0,0,0,0]",0.0,0,0,0,0,10
feasible-worst,pd_v2,force,C10-replay,C10,replay,4,10,"[0,0,0,0,0,0,0,0,0,0]",0.0,0,0,0,0,10
feasible-worst,pd_v2,force,M10-replay,M10,replay,4,10,"[0,0,0,0,0,0,0,0,0,0]",0.0,0,0,0,0,10
feasible-worst,pd_v2,combined,M10-S,M10,S,20,10,"[0,0,0,0,0,0,0,0,0,0]",0.0,0,0,0,0,10
feasible-worst,pd_v2,combined,M10-R10,M10,R10,20,10,"[0,0,0,0,0,0,0,0,0,0]",0.0,0,0,0,0,10
feasible-worst,pd_v2,combined,C10-R10,C10,R10,20,10,"[0,0,0,0,0,0,0,0,0,0]",0.0,0,0,0,0,10
feasible-worst,pd_v2,combined,M10-C10,M10,C10,20,10,"[0,0,0,0,0,0,0,0,0,0]",0.0,0,0,0,0,10
feasible-worst,pd_v2,combined,S-replay,S,replay,20,10,"[0,0,0,0,0,0,0,0,0,0]",0.0,0,0,0,0,10
feasible-worst,pd_v2,combined,R10-replay,R10,replay,20,10,"[0,0,0,0,0,0,0,0,0,0]",0.0,0,0,0,0,10
feasible-worst,pd_v2,combined,C10-replay,C10,replay,20,10,"[0,0,0,0,0,0,0,0,0,0]",0.0,0,0,0,0,10
feasible-worst,pd_v2,combined,M10-replay,M10,replay,20,10,"[0,0,0,0,0,0,0,0,0,0]",0.0,0,0,0,0,10
feasible-worst,pd_v2,all,M10-S,M10,S,65,10,"[0,0,0,0,0,0,0,0,0,0]",0.0,0,0,0,0,10
feasible-worst,pd_v2,all,M10-R10,M10,R10,65,10,"[0,0,0,0,0,0,0,0,0,0]",0.0,0,0,0,0,10
feasible-worst,pd_v2,all,C10-R10,C10,R10,65,10,"[0,0,0,0,0,0,0,0,0,0]",0.0,0,0,0,0,10
feasible-worst,pd_v2,all,M10-C10,M10,C10,65,10,"[0,0,0,0,0,0,0,0,0,0]",0.0,0,0,0,0,10
feasible-worst,pd_v2,all,S-replay,S,replay,65,10,"[0,0,0,0,0,0,0,0,0,0]",0.0,0,0,0,0,10
feasible-worst,pd_v2,all,R10-replay,R10,replay,65,10,"[0,0,0,0,0,0,0,0,0,0]",0.0,0,0,0,0,10
feasible-worst,pd_v2,all,C10-replay,C10,replay,65,10,"[0,0,0,0,0,0,0,0,0,0]",0.0,0,0,0,0,10
feasible-worst,pd_v2,all,M10-replay,M10,replay,65,10,"[0,0,0,0,0,0,0,0,0,0]",0.0,0,0,0,0,10
feasible-worst,computed_torque,nominal,M10-S,M10,S,1,10,"[0,0,0,0,0,0,0,0,0,0]",0.0,0,0,0,0,10
feasible-worst,computed_torque,nominal,M10-R10,M10,R10,1,10,"[0,0,0,0,0,0,0,0,0,0]",0.0,0,0,0,0,10
feasible-worst,computed_torque,nominal,C10-R10,C10,R10,1,10,"[0,0,0,0,0,0,0,0,0,0]",0.0,0,0,0,0,10
feasible-worst,computed_torque,nominal,M10-C10,M10,C10,1,10,"[0,0,0,0,0,0,0,0,0,0]",0.0,0,0,0,0,10
feasible-worst,computed_torque,nominal,S-replay,S,replay,1,10,"[0,0,0,0,0,0,0,0,0,0]",0.0,0,0,0,0,10
feasible-worst,computed_torque,nominal,R10-replay,R10,replay,1,10,"[0,0,0,0,0,0,0,0,0,0]",0.0,0,0,0,0,10
feasible-worst,computed_torque,nominal,C10-replay,C10,replay,1,10,"[0,0,0,0,0,0,0,0,0,0]",0.0,0,0,0,0,10
feasible-worst,computed_torque,nominal,M10-replay,M10,replay,1,10,"[0,0,0,0,0,0,0,0,0,0]",0.0,0,0,0,0,10
feasible-worst,computed_torque,posture_small,M10-S,M10,S,20,10,"[0,0,0,0,0,0,0,0,0,0]",0.0,0,0,0,0,10
feasible-worst,computed_torque,posture_small,M10-R10,M10,R10,20,10,"[0,0,0,0,0,0,0,0,0,0]",0.0,0,0,0,0,10
feasible-worst,computed_torque,posture_small,C10-R10,C10,R10,20,10,"[0,0,0,0,0,0,0,0,0,0]",0.0,0,0,0,0,10
feasible-worst,computed_torque,posture_small,M10-C10,M10,C10,20,10,"[0,0,0,0,0,0,0,0,0,0]",0.0,0,0,0,0,10
feasible-worst,computed_torque,posture_small,S-replay,S,replay,20,10,"[0,0,0,0,0,0,0,0,0,0]",0.0,0,0,0,0,10
feasible-worst,computed_torque,posture_small,R10-replay,R10,replay,20,10,"[0,0,0,0,0,0,0,0,0,0]",0.0,0,0,0,0,10
feasible-worst,computed_torque,posture_small,C10-replay,C10,replay,20,10,"[0,0,0,0,0,0,0,0,0,0]",0.0,0,0,0,0,10
feasible-worst,computed_torque,posture_small,M10-replay,M10,replay,20,10,"[0,0,0,0,0,0,0,0,0,0]",0.0,0,0,0,0,10
feasible-worst,computed_torque,posture_large,M10-S,M10,S,20,10,"[0,0,0,0,0,0,0,0,0,0]",0.0,0,0,0,0,10
feasible-worst,computed_torque,posture_large,M10-R10,M10,R10,20,10,"[0,0,0,0,0,0,0,0,0,0]",0.0,0,0,0,0,10
feasible-worst,computed_torque,posture_large,C10-R10,C10,R10,20,10,"[0,0,0,0,0,0,0,0,0,0]",0.0,0,0,0,0,10
feasible-worst,computed_torque,posture_large,M10-C10,M10,C10,20,10,"[0,0,0,0,0,0,0,0,0,0]",0.0,0,0,0,0,10
feasible-worst,computed_torque,posture_large,S-replay,S,replay,20,10,"[0,0,0,0,0,0,0,0,0,0]",0.0,0,0,0,0,10
feasible-worst,computed_torque,posture_large,R10-replay,R10,replay,20,10,"[0,0,0,0,0,0,0,0,0,0]",0.0,0,0,0,0,10
feasible-worst,computed_torque,posture_large,C10-replay,C10,replay,20,10,"[0,0,0,0,0,0,0,0,0,0]",0.0,0,0,0,0,10
feasible-worst,computed_torque,posture_large,M10-replay,M10,replay,20,10,"[0,0,0,0,0,0,0,0,0,0]",0.0,0,0,0,0,10
feasible-worst,computed_torque,force,M10-S,M10,S,4,10,"[-1,-1,-1,-1,-1,-1,-1,-1,-1,-1]",-1.0,-1,-1,0,10,0
feasible-worst,computed_torque,force,M10-R10,M10,R10,4,10,"[-1,-1,-1,-1,-1,-1,-1,-1,-1,-1]",-1.0,-1,-1,0,10,0
feasible-worst,computed_torque,force,C10-R10,C10,R10,4,10,"[0,0,0,0,0,0,0,0,0,0]",0.0,0,0,0,0,10
feasible-worst,computed_torque,force,M10-C10,M10,C10,4,10,"[-1,-1,-1,-1,-1,-1,-1,-1,-1,-1]",-1.0,-1,-1,0,10,0
feasible-worst,computed_torque,force,S-replay,S,replay,4,10,"[0,0,0,0,0,0,0,0,0,0]",0.0,0,0,0,0,10
feasible-worst,computed_torque,force,R10-replay,R10,replay,4,10,"[0,0,0,0,0,0,0,0,0,0]",0.0,0,0,0,0,10
feasible-worst,computed_torque,force,C10-replay,C10,replay,4,10,"[0,0,0,0,0,0,0,0,0,0]",0.0,0,0,0,0,10
feasible-worst,computed_torque,force,M10-replay,M10,replay,4,10,"[-1,-1,-1,-1,-1,-1,-1,-1,-1,-1]",-1.0,-1,-1,0,10,0
feasible-worst,computed_torque,combined,M10-S,M10,S,20,10,"[-5,-5,-5,-5,-5,-5,-5,-5,-5,-5]",-5.0,-5,-5,0,10,0
feasible-worst,computed_torque,combined,M10-R10,M10,R10,20,10,"[-5,-5,-5,-5,-5,-5,-5,-5,-5,-5]",-5.0,-5,-5,0,10,0
feasible-worst,computed_torque,combined,C10-R10,C10,R10,20,10,"[0,0,0,0,0,0,0,0,0,0]",0.0,0,0,0,0,10
feasible-worst,computed_torque,combined,M10-C10,M10,C10,20,10,"[-5,-5,-5,-5,-5,-5,-5,-5,-5,-5]",-5.0,-5,-5,0,10,0
feasible-worst,computed_torque,combined,S-replay,S,replay,20,10,"[0,0,0,0,0,0,0,0,0,0]",0.0,0,0,0,0,10
feasible-worst,computed_torque,combined,R10-replay,R10,replay,20,10,"[0,0,0,0,0,0,0,0,0,0]",0.0,0,0,0,0,10
feasible-worst,computed_torque,combined,C10-replay,C10,replay,20,10,"[0,0,0,0,0,0,0,0,0,0]",0.0,0,0,0,0,10
feasible-worst,computed_torque,combined,M10-replay,M10,replay,20,10,"[-5,-5,-5,-5,-5,-5,-5,-5,-5,-5]",-5.0,-5,-5,0,10,0
feasible-worst,computed_torque,all,M10-S,M10,S,65,10,"[-6,-6,-6,-6,-6,-6,-6,-6,-6,-6]",-6.0,-6,-6,0,10,0
feasible-worst,computed_torque,all,M10-R10,M10,R10,65,10,"[-6,-6,-6,-6,-6,-6,-6,-6,-6,-6]",-6.0,-6,-6,0,10,0
feasible-worst,computed_torque,all,C10-R10,C10,R10,65,10,"[0,0,0,0,0,0,0,0,0,0]",0.0,0,0,0,0,10
feasible-worst,computed_torque,all,M10-C10,M10,C10,65,10,"[-6,-6,-6,-6,-6,-6,-6,-6,-6,-6]",-6.0,-6,-6,0,10,0
feasible-worst,computed_torque,all,S-replay,S,replay,65,10,"[0,0,0,0,0,0,0,0,0,0]",0.0,0,0,0,0,10
feasible-worst,computed_torque,all,R10-replay,R10,replay,65,10,"[0,0,0,0,0,0,0,0,0,0]",0.0,0,0,0,0,10
feasible-worst,computed_torque,all,C10-replay,C10,replay,65,10,"[0,0,0,0,0,0,0,0,0,0]",0.0,0,0,0,0,10
feasible-worst,computed_torque,all,M10-replay,M10,replay,65,10,"[-6,-6,-6,-6,-6,-6,-6,-6,-6,-6]",-6.0,-6,-6,0,10,0
failure-actual-dwell,pd_v2,nominal,M10-S,M10,S,1,10,"[0,0,0,0,0,0,0,0,0,0]",0.0,0,0,0,0,10
failure-actual-dwell,pd_v2,nominal,M10-R10,M10,R10,1,10,"[0,0,0,0,0,0,0,0,0,0]",0.0,0,0,0,0,10
failure-actual-dwell,pd_v2,nominal,C10-R10,C10,R10,1,10,"[0,0,0,0,0,0,0,0,0,0]",0.0,0,0,0,0,10
failure-actual-dwell,pd_v2,nominal,M10-C10,M10,C10,1,10,"[0,0,0,0,0,0,0,0,0,0]",0.0,0,0,0,0,10
failure-actual-dwell,pd_v2,nominal,S-replay,S,replay,1,10,"[-1,-1,-1,-1,-1,-1,-1,-1,-1,-1]",-1.0,-1,-1,0,10,0
failure-actual-dwell,pd_v2,nominal,R10-replay,R10,replay,1,10,"[-1,-1,-1,-1,-1,-1,-1,-1,-1,-1]",-1.0,-1,-1,0,10,0
failure-actual-dwell,pd_v2,nominal,C10-replay,C10,replay,1,10,"[-1,-1,-1,-1,-1,-1,-1,-1,-1,-1]",-1.0,-1,-1,0,10,0
failure-actual-dwell,pd_v2,nominal,M10-replay,M10,replay,1,10,"[-1,-1,-1,-1,-1,-1,-1,-1,-1,-1]",-1.0,-1,-1,0,10,0
failure-actual-dwell,pd_v2,posture_small,M10-S,M10,S,20,10,"[0,0,0,0,0,0,0,0,0,0]",0.0,0,0,0,0,10
failure-actual-dwell,pd_v2,posture_small,M10-R10,M10,R10,20,10,"[0,0,0,0,0,0,0,0,0,0]",0.0,0,0,0,0,10
failure-actual-dwell,pd_v2,posture_small,C10-R10,C10,R10,20,10,"[0,0,0,0,0,0,0,0,0,0]",0.0,0,0,0,0,10
failure-actual-dwell,pd_v2,posture_small,M10-C10,M10,C10,20,10,"[0,0,0,0,0,0,0,0,0,0]",0.0,0,0,0,0,10
failure-actual-dwell,pd_v2,posture_small,S-replay,S,replay,20,10,"[-20,-20,-20,-20,-20,-20,-20,-20,-20,-20]",-20.0,-20,-20,0,10,0
failure-actual-dwell,pd_v2,posture_small,R10-replay,R10,replay,20,10,"[-20,-20,-20,-20,-20,-20,-20,-20,-20,-20]",-20.0,-20,-20,0,10,0
failure-actual-dwell,pd_v2,posture_small,C10-replay,C10,replay,20,10,"[-20,-20,-20,-20,-20,-20,-20,-20,-20,-20]",-20.0,-20,-20,0,10,0
failure-actual-dwell,pd_v2,posture_small,M10-replay,M10,replay,20,10,"[-20,-20,-20,-20,-20,-20,-20,-20,-20,-20]",-20.0,-20,-20,0,10,0
failure-actual-dwell,pd_v2,posture_large,M10-S,M10,S,20,10,"[0,0,0,0,0,0,0,0,0,0]",0.0,0,0,0,0,10
failure-actual-dwell,pd_v2,posture_large,M10-R10,M10,R10,20,10,"[0,0,0,0,0,0,0,0,0,0]",0.0,0,0,0,0,10
failure-actual-dwell,pd_v2,posture_large,C10-R10,C10,R10,20,10,"[0,0,0,0,0,0,0,0,0,0]",0.0,0,0,0,0,10
failure-actual-dwell,pd_v2,posture_large,M10-C10,M10,C10,20,10,"[0,0,0,0,0,0,0,0,0,0]",0.0,0,0,0,0,10
failure-actual-dwell,pd_v2,posture_large,S-replay,S,replay,20,10,"[-18,-18,-18,-18,-18,-18,-18,-18,-18,-18]",-18.0,-18,-18,0,10,0
failure-actual-dwell,pd_v2,posture_large,R10-replay,R10,replay,20,10,"[-18,-18,-18,-18,-18,-18,-18,-18,-18,-18]",-18.0,-18,-18,0,10,0
failure-actual-dwell,pd_v2,posture_large,C10-replay,C10,replay,20,10,"[-18,-18,-18,-18,-18,-18,-18,-18,-18,-18]",-18.0,-18,-18,0,10,0
failure-actual-dwell,pd_v2,posture_large,M10-replay,M10,replay,20,10,"[-18,-18,-18,-18,-18,-18,-18,-18,-18,-18]",-18.0,-18,-18,0,10,0
failure-actual-dwell,pd_v2,force,M10-S,M10,S,4,10,"[0,0,0,0,0,0,0,0,0,0]",0.0,0,0,0,0,10
failure-actual-dwell,pd_v2,force,M10-R10,M10,R10,4,10,"[0,0,0,0,0,0,0,0,0,0]",0.0,0,0,0,0,10
failure-actual-dwell,pd_v2,force,C10-R10,C10,R10,4,10,"[0,0,0,0,0,0,0,0,0,0]",0.0,0,0,0,0,10
failure-actual-dwell,pd_v2,force,M10-C10,M10,C10,4,10,"[0,0,0,0,0,0,0,0,0,0]",0.0,0,0,0,0,10
failure-actual-dwell,pd_v2,force,S-replay,S,replay,4,10,"[-4,-4,-4,-4,-4,-4,-4,-4,-4,-4]",-4.0,-4,-4,0,10,0
failure-actual-dwell,pd_v2,force,R10-replay,R10,replay,4,10,"[-4,-4,-4,-4,-4,-4,-4,-4,-4,-4]",-4.0,-4,-4,0,10,0
failure-actual-dwell,pd_v2,force,C10-replay,C10,replay,4,10,"[-4,-4,-4,-4,-4,-4,-4,-4,-4,-4]",-4.0,-4,-4,0,10,0
failure-actual-dwell,pd_v2,force,M10-replay,M10,replay,4,10,"[-4,-4,-4,-4,-4,-4,-4,-4,-4,-4]",-4.0,-4,-4,0,10,0
failure-actual-dwell,pd_v2,combined,M10-S,M10,S,20,10,"[0,0,0,0,0,0,0,0,0,0]",0.0,0,0,0,0,10
failure-actual-dwell,pd_v2,combined,M10-R10,M10,R10,20,10,"[0,0,0,0,0,0,0,0,0,0]",0.0,0,0,0,0,10
failure-actual-dwell,pd_v2,combined,C10-R10,C10,R10,20,10,"[0,0,0,0,0,0,0,0,0,0]",0.0,0,0,0,0,10
failure-actual-dwell,pd_v2,combined,M10-C10,M10,C10,20,10,"[0,0,0,0,0,0,0,0,0,0]",0.0,0,0,0,0,10
failure-actual-dwell,pd_v2,combined,S-replay,S,replay,20,10,"[-20,-20,-20,-20,-20,-20,-20,-20,-20,-20]",-20.0,-20,-20,0,10,0
failure-actual-dwell,pd_v2,combined,R10-replay,R10,replay,20,10,"[-20,-20,-20,-20,-20,-20,-20,-20,-20,-20]",-20.0,-20,-20,0,10,0
failure-actual-dwell,pd_v2,combined,C10-replay,C10,replay,20,10,"[-20,-20,-20,-20,-20,-20,-20,-20,-20,-20]",-20.0,-20,-20,0,10,0
failure-actual-dwell,pd_v2,combined,M10-replay,M10,replay,20,10,"[-20,-20,-20,-20,-20,-20,-20,-20,-20,-20]",-20.0,-20,-20,0,10,0
failure-actual-dwell,pd_v2,all,M10-S,M10,S,65,10,"[0,0,0,0,0,0,0,0,0,0]",0.0,0,0,0,0,10
failure-actual-dwell,pd_v2,all,M10-R10,M10,R10,65,10,"[0,0,0,0,0,0,0,0,0,0]",0.0,0,0,0,0,10
failure-actual-dwell,pd_v2,all,C10-R10,C10,R10,65,10,"[0,0,0,0,0,0,0,0,0,0]",0.0,0,0,0,0,10
failure-actual-dwell,pd_v2,all,M10-C10,M10,C10,65,10,"[0,0,0,0,0,0,0,0,0,0]",0.0,0,0,0,0,10
failure-actual-dwell,pd_v2,all,S-replay,S,replay,65,10,"[-63,-63,-63,-63,-63,-63,-63,-63,-63,-63]",-63.0,-63,-63,0,10,0
failure-actual-dwell,pd_v2,all,R10-replay,R10,replay,65,10,"[-63,-63,-63,-63,-63,-63,-63,-63,-63,-63]",-63.0,-63,-63,0,10,0
failure-actual-dwell,pd_v2,all,C10-replay,C10,replay,65,10,"[-63,-63,-63,-63,-63,-63,-63,-63,-63,-63]",-63.0,-63,-63,0,10,0
failure-actual-dwell,pd_v2,all,M10-replay,M10,replay,65,10,"[-63,-63,-63,-63,-63,-63,-63,-63,-63,-63]",-63.0,-63,-63,0,10,0
failure-actual-dwell,computed_torque,nominal,M10-S,M10,S,1,10,"[0,0,0,0,0,0,0,0,0,0]",0.0,0,0,0,0,10
failure-actual-dwell,computed_torque,nominal,M10-R10,M10,R10,1,10,"[0,0,0,0,0,0,0,0,0,0]",0.0,0,0,0,0,10
failure-actual-dwell,computed_torque,nominal,C10-R10,C10,R10,1,10,"[0,0,0,0,0,0,0,0,0,0]",0.0,0,0,0,0,10
failure-actual-dwell,computed_torque,nominal,M10-C10,M10,C10,1,10,"[0,0,0,0,0,0,0,0,0,0]",0.0,0,0,0,0,10
failure-actual-dwell,computed_torque,nominal,S-replay,S,replay,1,10,"[-1,-1,-1,-1,-1,-1,-1,-1,-1,-1]",-1.0,-1,-1,0,10,0
failure-actual-dwell,computed_torque,nominal,R10-replay,R10,replay,1,10,"[-1,-1,-1,-1,-1,-1,-1,-1,-1,-1]",-1.0,-1,-1,0,10,0
failure-actual-dwell,computed_torque,nominal,C10-replay,C10,replay,1,10,"[-1,-1,-1,-1,-1,-1,-1,-1,-1,-1]",-1.0,-1,-1,0,10,0
failure-actual-dwell,computed_torque,nominal,M10-replay,M10,replay,1,10,"[-1,-1,-1,-1,-1,-1,-1,-1,-1,-1]",-1.0,-1,-1,0,10,0
failure-actual-dwell,computed_torque,posture_small,M10-S,M10,S,20,10,"[0,0,0,0,0,0,0,0,0,0]",0.0,0,0,0,0,10
failure-actual-dwell,computed_torque,posture_small,M10-R10,M10,R10,20,10,"[0,0,0,0,0,0,0,0,0,0]",0.0,0,0,0,0,10
failure-actual-dwell,computed_torque,posture_small,C10-R10,C10,R10,20,10,"[0,0,0,0,0,0,0,0,0,0]",0.0,0,0,0,0,10
failure-actual-dwell,computed_torque,posture_small,M10-C10,M10,C10,20,10,"[0,0,0,0,0,0,0,0,0,0]",0.0,0,0,0,0,10
failure-actual-dwell,computed_torque,posture_small,S-replay,S,replay,20,10,"[-20,-20,-20,-20,-20,-20,-20,-20,-20,-20]",-20.0,-20,-20,0,10,0
failure-actual-dwell,computed_torque,posture_small,R10-replay,R10,replay,20,10,"[-20,-20,-20,-20,-20,-20,-20,-20,-20,-20]",-20.0,-20,-20,0,10,0
failure-actual-dwell,computed_torque,posture_small,C10-replay,C10,replay,20,10,"[-20,-20,-20,-20,-20,-20,-20,-20,-20,-20]",-20.0,-20,-20,0,10,0
failure-actual-dwell,computed_torque,posture_small,M10-replay,M10,replay,20,10,"[-20,-20,-20,-20,-20,-20,-20,-20,-20,-20]",-20.0,-20,-20,0,10,0
failure-actual-dwell,computed_torque,posture_large,M10-S,M10,S,20,10,"[0,0,0,0,0,0,0,0,0,0]",0.0,0,0,0,0,10
failure-actual-dwell,computed_torque,posture_large,M10-R10,M10,R10,20,10,"[0,0,0,0,0,0,0,0,0,0]",0.0,0,0,0,0,10
failure-actual-dwell,computed_torque,posture_large,C10-R10,C10,R10,20,10,"[0,0,0,0,0,0,0,0,0,0]",0.0,0,0,0,0,10
failure-actual-dwell,computed_torque,posture_large,M10-C10,M10,C10,20,10,"[0,0,0,0,0,0,0,0,0,0]",0.0,0,0,0,0,10
failure-actual-dwell,computed_torque,posture_large,S-replay,S,replay,20,10,"[-20,-20,-20,-20,-20,-20,-20,-20,-20,-20]",-20.0,-20,-20,0,10,0
failure-actual-dwell,computed_torque,posture_large,R10-replay,R10,replay,20,10,"[-20,-20,-20,-20,-20,-20,-20,-20,-20,-20]",-20.0,-20,-20,0,10,0
failure-actual-dwell,computed_torque,posture_large,C10-replay,C10,replay,20,10,"[-20,-20,-20,-20,-20,-20,-20,-20,-20,-20]",-20.0,-20,-20,0,10,0
failure-actual-dwell,computed_torque,posture_large,M10-replay,M10,replay,20,10,"[-20,-20,-20,-20,-20,-20,-20,-20,-20,-20]",-20.0,-20,-20,0,10,0
failure-actual-dwell,computed_torque,force,M10-S,M10,S,4,10,"[0,0,0,0,0,0,0,0,0,0]",0.0,0,0,0,0,10
failure-actual-dwell,computed_torque,force,M10-R10,M10,R10,4,10,"[0,0,0,0,0,0,0,0,0,0]",0.0,0,0,0,0,10
failure-actual-dwell,computed_torque,force,C10-R10,C10,R10,4,10,"[0,0,0,0,0,0,0,0,0,0]",0.0,0,0,0,0,10
failure-actual-dwell,computed_torque,force,M10-C10,M10,C10,4,10,"[0,0,0,0,0,0,0,0,0,0]",0.0,0,0,0,0,10
failure-actual-dwell,computed_torque,force,S-replay,S,replay,4,10,"[-4,-4,-4,-4,-4,-4,-4,-4,-4,-4]",-4.0,-4,-4,0,10,0
failure-actual-dwell,computed_torque,force,R10-replay,R10,replay,4,10,"[-4,-4,-4,-4,-4,-4,-4,-4,-4,-4]",-4.0,-4,-4,0,10,0
failure-actual-dwell,computed_torque,force,C10-replay,C10,replay,4,10,"[-4,-4,-4,-4,-4,-4,-4,-4,-4,-4]",-4.0,-4,-4,0,10,0
failure-actual-dwell,computed_torque,force,M10-replay,M10,replay,4,10,"[-4,-4,-4,-4,-4,-4,-4,-4,-4,-4]",-4.0,-4,-4,0,10,0
failure-actual-dwell,computed_torque,combined,M10-S,M10,S,20,10,"[0,0,0,0,0,0,0,0,0,0]",0.0,0,0,0,0,10
failure-actual-dwell,computed_torque,combined,M10-R10,M10,R10,20,10,"[0,0,0,0,0,0,0,0,0,0]",0.0,0,0,0,0,10
failure-actual-dwell,computed_torque,combined,C10-R10,C10,R10,20,10,"[0,0,0,0,0,0,0,0,0,0]",0.0,0,0,0,0,10
failure-actual-dwell,computed_torque,combined,M10-C10,M10,C10,20,10,"[0,0,0,0,0,0,0,0,0,0]",0.0,0,0,0,0,10
failure-actual-dwell,computed_torque,combined,S-replay,S,replay,20,10,"[-20,-20,-20,-20,-20,-20,-20,-20,-20,-20]",-20.0,-20,-20,0,10,0
failure-actual-dwell,computed_torque,combined,R10-replay,R10,replay,20,10,"[-20,-20,-20,-20,-20,-20,-20,-20,-20,-20]",-20.0,-20,-20,0,10,0
failure-actual-dwell,computed_torque,combined,C10-replay,C10,replay,20,10,"[-20,-20,-20,-20,-20,-20,-20,-20,-20,-20]",-20.0,-20,-20,0,10,0
failure-actual-dwell,computed_torque,combined,M10-replay,M10,replay,20,10,"[-20,-20,-20,-20,-20,-20,-20,-20,-20,-20]",-20.0,-20,-20,0,10,0
failure-actual-dwell,computed_torque,all,M10-S,M10,S,65,10,"[0,0,0,0,0,0,0,0,0,0]",0.0,0,0,0,0,10
failure-actual-dwell,computed_torque,all,M10-R10,M10,R10,65,10,"[0,0,0,0,0,0,0,0,0,0]",0.0,0,0,0,0,10
failure-actual-dwell,computed_torque,all,C10-R10,C10,R10,65,10,"[0,0,0,0,0,0,0,0,0,0]",0.0,0,0,0,0,10
failure-actual-dwell,computed_torque,all,M10-C10,M10,C10,65,10,"[0,0,0,0,0,0,0,0,0,0]",0.0,0,0,0,0,10
failure-actual-dwell,computed_torque,all,S-replay,S,replay,65,10,"[-65,-65,-65,-65,-65,-65,-65,-65,-65,-65]",-65.0,-65,-65,0,10,0
failure-actual-dwell,computed_torque,all,R10-replay,R10,replay,65,10,"[-65,-65,-65,-65,-65,-65,-65,-65,-65,-65]",-65.0,-65,-65,0,10,0
failure-actual-dwell,computed_torque,all,C10-replay,C10,replay,65,10,"[-65,-65,-65,-65,-65,-65,-65,-65,-65,-65]",-65.0,-65,-65,0,10,0
failure-actual-dwell,computed_torque,all,M10-replay,M10,replay,65,10,"[-65,-65,-65,-65,-65,-65,-65,-65,-65,-65]",-65.0,-65,-65,0,10,0
failure-joint-velocity,pd_v2,nominal,M10-S,M10,S,1,10,"[0,0,0,0,0,0,0,0,0,0]",0.0,0,0,0,0,10
failure-joint-velocity,pd_v2,nominal,M10-R10,M10,R10,1,10,"[0,0,0,0,0,0,0,0,0,0]",0.0,0,0,0,0,10
failure-joint-velocity,pd_v2,nominal,C10-R10,C10,R10,1,10,"[0,0,0,0,0,0,0,0,0,0]",0.0,0,0,0,0,10
failure-joint-velocity,pd_v2,nominal,M10-C10,M10,C10,1,10,"[0,0,0,0,0,0,0,0,0,0]",0.0,0,0,0,0,10
failure-joint-velocity,pd_v2,nominal,S-replay,S,replay,1,10,"[0,0,0,0,0,0,0,0,0,0]",0.0,0,0,0,0,10
failure-joint-velocity,pd_v2,nominal,R10-replay,R10,replay,1,10,"[0,0,0,0,0,0,0,0,0,0]",0.0,0,0,0,0,10
failure-joint-velocity,pd_v2,nominal,C10-replay,C10,replay,1,10,"[0,0,0,0,0,0,0,0,0,0]",0.0,0,0,0,0,10
failure-joint-velocity,pd_v2,nominal,M10-replay,M10,replay,1,10,"[0,0,0,0,0,0,0,0,0,0]",0.0,0,0,0,0,10
failure-joint-velocity,pd_v2,posture_small,M10-S,M10,S,20,10,"[0,0,0,0,0,0,0,0,0,0]",0.0,0,0,0,0,10
failure-joint-velocity,pd_v2,posture_small,M10-R10,M10,R10,20,10,"[0,0,0,0,0,0,0,0,0,0]",0.0,0,0,0,0,10
failure-joint-velocity,pd_v2,posture_small,C10-R10,C10,R10,20,10,"[0,0,0,0,0,0,0,0,0,0]",0.0,0,0,0,0,10
failure-joint-velocity,pd_v2,posture_small,M10-C10,M10,C10,20,10,"[0,0,0,0,0,0,0,0,0,0]",0.0,0,0,0,0,10
failure-joint-velocity,pd_v2,posture_small,S-replay,S,replay,20,10,"[0,0,0,0,0,0,0,0,0,0]",0.0,0,0,0,0,10
failure-joint-velocity,pd_v2,posture_small,R10-replay,R10,replay,20,10,"[0,0,0,0,0,0,0,0,0,0]",0.0,0,0,0,0,10
failure-joint-velocity,pd_v2,posture_small,C10-replay,C10,replay,20,10,"[0,0,0,0,0,0,0,0,0,0]",0.0,0,0,0,0,10
failure-joint-velocity,pd_v2,posture_small,M10-replay,M10,replay,20,10,"[0,0,0,0,0,0,0,0,0,0]",0.0,0,0,0,0,10
failure-joint-velocity,pd_v2,posture_large,M10-S,M10,S,20,10,"[0,0,0,0,0,0,0,0,0,0]",0.0,0,0,0,0,10
failure-joint-velocity,pd_v2,posture_large,M10-R10,M10,R10,20,10,"[0,0,0,0,0,0,0,0,0,0]",0.0,0,0,0,0,10
failure-joint-velocity,pd_v2,posture_large,C10-R10,C10,R10,20,10,"[0,0,0,0,0,0,0,0,0,0]",0.0,0,0,0,0,10
failure-joint-velocity,pd_v2,posture_large,M10-C10,M10,C10,20,10,"[0,0,0,0,0,0,0,0,0,0]",0.0,0,0,0,0,10
failure-joint-velocity,pd_v2,posture_large,S-replay,S,replay,20,10,"[2,2,2,2,2,2,2,2,2,2]",2.0,2,2,10,0,0
failure-joint-velocity,pd_v2,posture_large,R10-replay,R10,replay,20,10,"[2,2,2,2,2,2,2,2,2,2]",2.0,2,2,10,0,0
failure-joint-velocity,pd_v2,posture_large,C10-replay,C10,replay,20,10,"[2,2,2,2,2,2,2,2,2,2]",2.0,2,2,10,0,0
failure-joint-velocity,pd_v2,posture_large,M10-replay,M10,replay,20,10,"[2,2,2,2,2,2,2,2,2,2]",2.0,2,2,10,0,0
failure-joint-velocity,pd_v2,force,M10-S,M10,S,4,10,"[0,0,0,0,0,0,0,0,0,0]",0.0,0,0,0,0,10
failure-joint-velocity,pd_v2,force,M10-R10,M10,R10,4,10,"[0,0,0,0,0,0,0,0,0,0]",0.0,0,0,0,0,10
failure-joint-velocity,pd_v2,force,C10-R10,C10,R10,4,10,"[0,0,0,0,0,0,0,0,0,0]",0.0,0,0,0,0,10
failure-joint-velocity,pd_v2,force,M10-C10,M10,C10,4,10,"[0,0,0,0,0,0,0,0,0,0]",0.0,0,0,0,0,10
failure-joint-velocity,pd_v2,force,S-replay,S,replay,4,10,"[0,0,0,0,0,0,0,0,0,0]",0.0,0,0,0,0,10
failure-joint-velocity,pd_v2,force,R10-replay,R10,replay,4,10,"[0,0,0,0,0,0,0,0,0,0]",0.0,0,0,0,0,10
failure-joint-velocity,pd_v2,force,C10-replay,C10,replay,4,10,"[0,0,0,0,0,0,0,0,0,0]",0.0,0,0,0,0,10
failure-joint-velocity,pd_v2,force,M10-replay,M10,replay,4,10,"[0,0,0,0,0,0,0,0,0,0]",0.0,0,0,0,0,10
failure-joint-velocity,pd_v2,combined,M10-S,M10,S,20,10,"[0,0,0,0,0,0,0,0,0,0]",0.0,0,0,0,0,10
failure-joint-velocity,pd_v2,combined,M10-R10,M10,R10,20,10,"[0,0,0,0,0,0,0,0,0,0]",0.0,0,0,0,0,10
failure-joint-velocity,pd_v2,combined,C10-R10,C10,R10,20,10,"[0,0,0,0,0,0,0,0,0,0]",0.0,0,0,0,0,10
failure-joint-velocity,pd_v2,combined,M10-C10,M10,C10,20,10,"[0,0,0,0,0,0,0,0,0,0]",0.0,0,0,0,0,10
failure-joint-velocity,pd_v2,combined,S-replay,S,replay,20,10,"[0,0,0,0,0,0,0,0,0,0]",0.0,0,0,0,0,10
failure-joint-velocity,pd_v2,combined,R10-replay,R10,replay,20,10,"[0,0,0,0,0,0,0,0,0,0]",0.0,0,0,0,0,10
failure-joint-velocity,pd_v2,combined,C10-replay,C10,replay,20,10,"[0,0,0,0,0,0,0,0,0,0]",0.0,0,0,0,0,10
failure-joint-velocity,pd_v2,combined,M10-replay,M10,replay,20,10,"[0,0,0,0,0,0,0,0,0,0]",0.0,0,0,0,0,10
failure-joint-velocity,pd_v2,all,M10-S,M10,S,65,10,"[0,0,0,0,0,0,0,0,0,0]",0.0,0,0,0,0,10
failure-joint-velocity,pd_v2,all,M10-R10,M10,R10,65,10,"[0,0,0,0,0,0,0,0,0,0]",0.0,0,0,0,0,10
failure-joint-velocity,pd_v2,all,C10-R10,C10,R10,65,10,"[0,0,0,0,0,0,0,0,0,0]",0.0,0,0,0,0,10
failure-joint-velocity,pd_v2,all,M10-C10,M10,C10,65,10,"[0,0,0,0,0,0,0,0,0,0]",0.0,0,0,0,0,10
failure-joint-velocity,pd_v2,all,S-replay,S,replay,65,10,"[2,2,2,2,2,2,2,2,2,2]",2.0,2,2,10,0,0
failure-joint-velocity,pd_v2,all,R10-replay,R10,replay,65,10,"[2,2,2,2,2,2,2,2,2,2]",2.0,2,2,10,0,0
failure-joint-velocity,pd_v2,all,C10-replay,C10,replay,65,10,"[2,2,2,2,2,2,2,2,2,2]",2.0,2,2,10,0,0
failure-joint-velocity,pd_v2,all,M10-replay,M10,replay,65,10,"[2,2,2,2,2,2,2,2,2,2]",2.0,2,2,10,0,0
failure-joint-velocity,computed_torque,nominal,M10-S,M10,S,1,10,"[0,0,0,0,0,0,0,0,0,0]",0.0,0,0,0,0,10
failure-joint-velocity,computed_torque,nominal,M10-R10,M10,R10,1,10,"[0,0,0,0,0,0,0,0,0,0]",0.0,0,0,0,0,10
failure-joint-velocity,computed_torque,nominal,C10-R10,C10,R10,1,10,"[0,0,0,0,0,0,0,0,0,0]",0.0,0,0,0,0,10
failure-joint-velocity,computed_torque,nominal,M10-C10,M10,C10,1,10,"[0,0,0,0,0,0,0,0,0,0]",0.0,0,0,0,0,10
failure-joint-velocity,computed_torque,nominal,S-replay,S,replay,1,10,"[0,0,0,0,0,0,0,0,0,0]",0.0,0,0,0,0,10
failure-joint-velocity,computed_torque,nominal,R10-replay,R10,replay,1,10,"[0,0,0,0,0,0,0,0,0,0]",0.0,0,0,0,0,10
failure-joint-velocity,computed_torque,nominal,C10-replay,C10,replay,1,10,"[0,0,0,0,0,0,0,0,0,0]",0.0,0,0,0,0,10
failure-joint-velocity,computed_torque,nominal,M10-replay,M10,replay,1,10,"[0,0,0,0,0,0,0,0,0,0]",0.0,0,0,0,0,10
failure-joint-velocity,computed_torque,posture_small,M10-S,M10,S,20,10,"[0,0,0,0,0,0,0,0,0,0]",0.0,0,0,0,0,10
failure-joint-velocity,computed_torque,posture_small,M10-R10,M10,R10,20,10,"[0,0,0,0,0,0,0,0,0,0]",0.0,0,0,0,0,10
failure-joint-velocity,computed_torque,posture_small,C10-R10,C10,R10,20,10,"[0,0,0,0,0,0,0,0,0,0]",0.0,0,0,0,0,10
failure-joint-velocity,computed_torque,posture_small,M10-C10,M10,C10,20,10,"[0,0,0,0,0,0,0,0,0,0]",0.0,0,0,0,0,10
failure-joint-velocity,computed_torque,posture_small,S-replay,S,replay,20,10,"[0,0,0,0,0,0,0,0,0,0]",0.0,0,0,0,0,10
failure-joint-velocity,computed_torque,posture_small,R10-replay,R10,replay,20,10,"[0,0,0,0,0,0,0,0,0,0]",0.0,0,0,0,0,10
failure-joint-velocity,computed_torque,posture_small,C10-replay,C10,replay,20,10,"[0,0,0,0,0,0,0,0,0,0]",0.0,0,0,0,0,10
failure-joint-velocity,computed_torque,posture_small,M10-replay,M10,replay,20,10,"[0,0,0,0,0,0,0,0,0,0]",0.0,0,0,0,0,10
failure-joint-velocity,computed_torque,posture_large,M10-S,M10,S,20,10,"[0,0,0,0,0,0,0,0,0,0]",0.0,0,0,0,0,10
failure-joint-velocity,computed_torque,posture_large,M10-R10,M10,R10,20,10,"[0,0,0,0,0,0,0,0,0,0]",0.0,0,0,0,0,10
failure-joint-velocity,computed_torque,posture_large,C10-R10,C10,R10,20,10,"[0,0,0,0,0,0,0,0,0,0]",0.0,0,0,0,0,10
failure-joint-velocity,computed_torque,posture_large,M10-C10,M10,C10,20,10,"[0,0,0,0,0,0,0,0,0,0]",0.0,0,0,0,0,10
failure-joint-velocity,computed_torque,posture_large,S-replay,S,replay,20,10,"[1,1,1,1,1,1,1,1,1,1]",1.0,1,1,10,0,0
failure-joint-velocity,computed_torque,posture_large,R10-replay,R10,replay,20,10,"[1,1,1,1,1,1,1,1,1,1]",1.0,1,1,10,0,0
failure-joint-velocity,computed_torque,posture_large,C10-replay,C10,replay,20,10,"[1,1,1,1,1,1,1,1,1,1]",1.0,1,1,10,0,0
failure-joint-velocity,computed_torque,posture_large,M10-replay,M10,replay,20,10,"[1,1,1,1,1,1,1,1,1,1]",1.0,1,1,10,0,0
failure-joint-velocity,computed_torque,force,M10-S,M10,S,4,10,"[0,-1,0,0,-1,-1,-1,-1,-1,0]",-1.0,-1,0,0,6,4
failure-joint-velocity,computed_torque,force,M10-R10,M10,R10,4,10,"[0,-1,0,0,-1,-1,-1,-1,-1,0]",-1.0,-1,0,0,6,4
failure-joint-velocity,computed_torque,force,C10-R10,C10,R10,4,10,"[0,-1,0,0,-1,-1,-1,-1,-1,0]",-1.0,-1,0,0,6,4
failure-joint-velocity,computed_torque,force,M10-C10,M10,C10,4,10,"[0,0,0,0,0,0,0,0,0,0]",0.0,0,0,0,0,10
failure-joint-velocity,computed_torque,force,S-replay,S,replay,4,10,"[-1,0,-1,-1,0,0,0,0,0,-1]",0.0,-1,0,0,4,6
failure-joint-velocity,computed_torque,force,R10-replay,R10,replay,4,10,"[-1,0,-1,-1,0,0,0,0,0,-1]",0.0,-1,0,0,4,6
failure-joint-velocity,computed_torque,force,C10-replay,C10,replay,4,10,"[-1,-1,-1,-1,-1,-1,-1,-1,-1,-1]",-1.0,-1,-1,0,10,0
failure-joint-velocity,computed_torque,force,M10-replay,M10,replay,4,10,"[-1,-1,-1,-1,-1,-1,-1,-1,-1,-1]",-1.0,-1,-1,0,10,0
failure-joint-velocity,computed_torque,combined,M10-S,M10,S,20,10,"[0,-5,0,0,-5,-5,-5,-5,-5,0]",-5.0,-5,0,0,6,4
failure-joint-velocity,computed_torque,combined,M10-R10,M10,R10,20,10,"[0,-5,0,0,-5,-5,-5,-5,-5,0]",-5.0,-5,0,0,6,4
failure-joint-velocity,computed_torque,combined,C10-R10,C10,R10,20,10,"[0,-5,0,0,-5,-5,-5,-5,-5,0]",-5.0,-5,0,0,6,4
failure-joint-velocity,computed_torque,combined,M10-C10,M10,C10,20,10,"[0,0,0,0,0,0,0,0,0,0]",0.0,0,0,0,0,10
failure-joint-velocity,computed_torque,combined,S-replay,S,replay,20,10,"[-5,0,-5,-5,0,0,0,0,0,-5]",0.0,-5,0,0,4,6
failure-joint-velocity,computed_torque,combined,R10-replay,R10,replay,20,10,"[-5,0,-5,-5,0,0,0,0,0,-5]",0.0,-5,0,0,4,6
failure-joint-velocity,computed_torque,combined,C10-replay,C10,replay,20,10,"[-5,-5,-5,-5,-5,-5,-5,-5,-5,-5]",-5.0,-5,-5,0,10,0
failure-joint-velocity,computed_torque,combined,M10-replay,M10,replay,20,10,"[-5,-5,-5,-5,-5,-5,-5,-5,-5,-5]",-5.0,-5,-5,0,10,0
failure-joint-velocity,computed_torque,all,M10-S,M10,S,65,10,"[0,-6,0,0,-6,-6,-6,-6,-6,0]",-6.0,-6,0,0,6,4
failure-joint-velocity,computed_torque,all,M10-R10,M10,R10,65,10,"[0,-6,0,0,-6,-6,-6,-6,-6,0]",-6.0,-6,0,0,6,4
failure-joint-velocity,computed_torque,all,C10-R10,C10,R10,65,10,"[0,-6,0,0,-6,-6,-6,-6,-6,0]",-6.0,-6,0,0,6,4
failure-joint-velocity,computed_torque,all,M10-C10,M10,C10,65,10,"[0,0,0,0,0,0,0,0,0,0]",0.0,0,0,0,0,10
failure-joint-velocity,computed_torque,all,S-replay,S,replay,65,10,"[-5,1,-5,-5,1,1,1,1,1,-5]",1.0,-5,1,6,4,0
failure-joint-velocity,computed_torque,all,R10-replay,R10,replay,65,10,"[-5,1,-5,-5,1,1,1,1,1,-5]",1.0,-5,1,6,4,0
failure-joint-velocity,computed_torque,all,C10-replay,C10,replay,65,10,"[-5,-5,-5,-5,-5,-5,-5,-5,-5,-5]",-5.0,-5,-5,0,10,0
failure-joint-velocity,computed_torque,all,M10-replay,M10,replay,65,10,"[-5,-5,-5,-5,-5,-5,-5,-5,-5,-5]",-5.0,-5,-5,0,10,0
failure-generated-dwell,pd_v2,nominal,M10-S,M10,S,1,10,"[0,0,-1,0,0,0,0,-1,-1,0]",0.0,-1,0,0,3,7
failure-generated-dwell,pd_v2,nominal,M10-R10,M10,R10,1,10,"[0,0,-1,0,0,0,0,-1,-1,0]",0.0,-1,0,0,3,7
failure-generated-dwell,pd_v2,nominal,C10-R10,C10,R10,1,10,"[0,0,0,1,0,0,0,0,0,0]",0.0,0,1,1,0,9
failure-generated-dwell,pd_v2,nominal,M10-C10,M10,C10,1,10,"[0,0,-1,-1,0,0,0,-1,-1,0]",0.0,-1,0,0,4,6
failure-generated-dwell,pd_v2,nominal,S-replay,S,replay,1,10,"[-1,-1,0,-1,-1,-1,-1,0,0,-1]",-1.0,-1,0,0,7,3
failure-generated-dwell,pd_v2,nominal,R10-replay,R10,replay,1,10,"[-1,-1,0,-1,-1,-1,-1,0,0,-1]",-1.0,-1,0,0,7,3
failure-generated-dwell,pd_v2,nominal,C10-replay,C10,replay,1,10,"[-1,-1,0,0,-1,-1,-1,0,0,-1]",-1.0,-1,0,0,6,4
failure-generated-dwell,pd_v2,nominal,M10-replay,M10,replay,1,10,"[-1,-1,-1,-1,-1,-1,-1,-1,-1,-1]",-1.0,-1,-1,0,10,0
failure-generated-dwell,pd_v2,posture_small,M10-S,M10,S,20,10,"[0,0,-8,0,0,0,0,-6,-6,0]",0.0,-8,0,0,3,7
failure-generated-dwell,pd_v2,posture_small,M10-R10,M10,R10,20,10,"[0,0,-8,0,0,0,0,-6,-6,0]",0.0,-8,0,0,3,7
failure-generated-dwell,pd_v2,posture_small,C10-R10,C10,R10,20,10,"[0,0,0,9,0,0,0,2,2,0]",0.0,0,9,3,0,7
failure-generated-dwell,pd_v2,posture_small,M10-C10,M10,C10,20,10,"[0,0,-8,-9,0,0,0,-8,-8,0]",0.0,-9,0,0,4,6
failure-generated-dwell,pd_v2,posture_small,S-replay,S,replay,20,10,"[-20,-20,-12,-20,-20,-20,-20,-14,-14,-20]",-20.0,-20,-12,0,10,0
failure-generated-dwell,pd_v2,posture_small,R10-replay,R10,replay,20,10,"[-20,-20,-12,-20,-20,-20,-20,-14,-14,-20]",-20.0,-20,-12,0,10,0
failure-generated-dwell,pd_v2,posture_small,C10-replay,C10,replay,20,10,"[-20,-20,-12,-11,-20,-20,-20,-12,-12,-20]",-20.0,-20,-11,0,10,0
failure-generated-dwell,pd_v2,posture_small,M10-replay,M10,replay,20,10,"[-20,-20,-20,-20,-20,-20,-20,-20,-20,-20]",-20.0,-20,-20,0,10,0
failure-generated-dwell,pd_v2,posture_large,M10-S,M10,S,20,10,"[0,0,-9,0,0,0,0,-9,-9,0]",0.0,-9,0,0,3,7
failure-generated-dwell,pd_v2,posture_large,M10-R10,M10,R10,20,10,"[0,0,-9,0,0,0,0,-9,-9,0]",0.0,-9,0,0,3,7
failure-generated-dwell,pd_v2,posture_large,C10-R10,C10,R10,20,10,"[0,0,1,10,0,0,0,0,0,0]",0.0,0,10,2,0,8
failure-generated-dwell,pd_v2,posture_large,M10-C10,M10,C10,20,10,"[0,0,-10,-10,0,0,0,-9,-9,0]",0.0,-10,0,0,4,6
failure-generated-dwell,pd_v2,posture_large,S-replay,S,replay,20,10,"[-20,-20,-11,-20,-20,-20,-20,-11,-11,-20]",-20.0,-20,-11,0,10,0
failure-generated-dwell,pd_v2,posture_large,R10-replay,R10,replay,20,10,"[-20,-20,-11,-20,-20,-20,-20,-11,-11,-20]",-20.0,-20,-11,0,10,0
failure-generated-dwell,pd_v2,posture_large,C10-replay,C10,replay,20,10,"[-20,-20,-10,-10,-20,-20,-20,-11,-11,-20]",-20.0,-20,-10,0,10,0
failure-generated-dwell,pd_v2,posture_large,M10-replay,M10,replay,20,10,"[-20,-20,-20,-20,-20,-20,-20,-20,-20,-20]",-20.0,-20,-20,0,10,0
failure-generated-dwell,pd_v2,force,M10-S,M10,S,4,10,"[-1,0,-4,0,0,0,0,-4,-4,0]",0.0,-4,0,0,4,6
failure-generated-dwell,pd_v2,force,M10-R10,M10,R10,4,10,"[-1,0,-4,0,0,0,0,-4,-4,0]",0.0,-4,0,0,4,6
failure-generated-dwell,pd_v2,force,C10-R10,C10,R10,4,10,"[-1,0,0,4,0,0,0,0,0,0]",0.0,-1,4,1,1,8
failure-generated-dwell,pd_v2,force,M10-C10,M10,C10,4,10,"[0,0,-4,-4,0,0,0,-4,-4,0]",0.0,-4,0,0,4,6
failure-generated-dwell,pd_v2,force,S-replay,S,replay,4,10,"[-3,-4,0,-4,-4,-4,-4,0,0,-4]",-4.0,-4,0,0,7,3
failure-generated-dwell,pd_v2,force,R10-replay,R10,replay,4,10,"[-3,-4,0,-4,-4,-4,-4,0,0,-4]",-4.0,-4,0,0,7,3
failure-generated-dwell,pd_v2,force,C10-replay,C10,replay,4,10,"[-4,-4,0,0,-4,-4,-4,0,0,-4]",-4.0,-4,0,0,6,4
failure-generated-dwell,pd_v2,force,M10-replay,M10,replay,4,10,"[-4,-4,-4,-4,-4,-4,-4,-4,-4,-4]",-4.0,-4,-4,0,10,0
failure-generated-dwell,pd_v2,combined,M10-S,M10,S,20,10,"[-1,0,-8,0,0,0,0,-6,-6,0]",0.0,-8,0,0,4,6
failure-generated-dwell,pd_v2,combined,M10-R10,M10,R10,20,10,"[-1,0,-8,0,0,0,0,-6,-6,0]",0.0,-8,0,0,4,6
failure-generated-dwell,pd_v2,combined,C10-R10,C10,R10,20,10,"[-1,0,0,9,0,0,0,2,2,0]",0.0,-1,9,3,1,6
failure-generated-dwell,pd_v2,combined,M10-C10,M10,C10,20,10,"[0,0,-8,-9,0,0,0,-8,-8,0]",0.0,-9,0,0,4,6
failure-generated-dwell,pd_v2,combined,S-replay,S,replay,20,10,"[-19,-20,-12,-20,-20,-20,-20,-14,-14,-20]",-20.0,-20,-12,0,10,0
failure-generated-dwell,pd_v2,combined,R10-replay,R10,replay,20,10,"[-19,-20,-12,-20,-20,-20,-20,-14,-14,-20]",-20.0,-20,-12,0,10,0
failure-generated-dwell,pd_v2,combined,C10-replay,C10,replay,20,10,"[-20,-20,-12,-11,-20,-20,-20,-12,-12,-20]",-20.0,-20,-11,0,10,0
failure-generated-dwell,pd_v2,combined,M10-replay,M10,replay,20,10,"[-20,-20,-20,-20,-20,-20,-20,-20,-20,-20]",-20.0,-20,-20,0,10,0
failure-generated-dwell,pd_v2,all,M10-S,M10,S,65,10,"[-2,0,-30,0,0,0,0,-26,-26,0]",0.0,-30,0,0,4,6
failure-generated-dwell,pd_v2,all,M10-R10,M10,R10,65,10,"[-2,0,-30,0,0,0,0,-26,-26,0]",0.0,-30,0,0,4,6
failure-generated-dwell,pd_v2,all,C10-R10,C10,R10,65,10,"[-2,0,1,33,0,0,0,4,4,0]",0.0,-2,33,4,1,5
failure-generated-dwell,pd_v2,all,M10-C10,M10,C10,65,10,"[0,0,-31,-33,0,0,0,-30,-30,0]",0.0,-33,0,0,4,6
failure-generated-dwell,pd_v2,all,S-replay,S,replay,65,10,"[-63,-65,-35,-65,-65,-65,-65,-39,-39,-65]",-65.0,-65,-35,0,10,0
failure-generated-dwell,pd_v2,all,R10-replay,R10,replay,65,10,"[-63,-65,-35,-65,-65,-65,-65,-39,-39,-65]",-65.0,-65,-35,0,10,0
failure-generated-dwell,pd_v2,all,C10-replay,C10,replay,65,10,"[-65,-65,-34,-32,-65,-65,-65,-35,-35,-65]",-65.0,-65,-32,0,10,0
failure-generated-dwell,pd_v2,all,M10-replay,M10,replay,65,10,"[-65,-65,-65,-65,-65,-65,-65,-65,-65,-65]",-65.0,-65,-65,0,10,0
failure-generated-dwell,computed_torque,nominal,M10-S,M10,S,1,10,"[0,0,-1,0,0,0,0,-1,-1,0]",0.0,-1,0,0,3,7
failure-generated-dwell,computed_torque,nominal,M10-R10,M10,R10,1,10,"[0,0,-1,0,0,0,0,-1,-1,0]",0.0,-1,0,0,3,7
failure-generated-dwell,computed_torque,nominal,C10-R10,C10,R10,1,10,"[0,0,0,1,0,0,0,0,0,0]",0.0,0,1,1,0,9
failure-generated-dwell,computed_torque,nominal,M10-C10,M10,C10,1,10,"[0,0,-1,-1,0,0,0,-1,-1,0]",0.0,-1,0,0,4,6
failure-generated-dwell,computed_torque,nominal,S-replay,S,replay,1,10,"[-1,-1,0,-1,-1,-1,-1,0,0,-1]",-1.0,-1,0,0,7,3
failure-generated-dwell,computed_torque,nominal,R10-replay,R10,replay,1,10,"[-1,-1,0,-1,-1,-1,-1,0,0,-1]",-1.0,-1,0,0,7,3
failure-generated-dwell,computed_torque,nominal,C10-replay,C10,replay,1,10,"[-1,-1,0,0,-1,-1,-1,0,0,-1]",-1.0,-1,0,0,6,4
failure-generated-dwell,computed_torque,nominal,M10-replay,M10,replay,1,10,"[-1,-1,-1,-1,-1,-1,-1,-1,-1,-1]",-1.0,-1,-1,0,10,0
failure-generated-dwell,computed_torque,posture_small,M10-S,M10,S,20,10,"[0,0,-20,0,0,0,0,-20,-20,0]",0.0,-20,0,0,3,7
failure-generated-dwell,computed_torque,posture_small,M10-R10,M10,R10,20,10,"[0,0,-20,0,0,0,0,-20,-20,0]",0.0,-20,0,0,3,7
failure-generated-dwell,computed_torque,posture_small,C10-R10,C10,R10,20,10,"[0,0,0,20,0,0,0,0,0,0]",0.0,0,20,1,0,9
failure-generated-dwell,computed_torque,posture_small,M10-C10,M10,C10,20,10,"[0,0,-20,-20,0,0,0,-20,-20,0]",0.0,-20,0,0,4,6
failure-generated-dwell,computed_torque,posture_small,S-replay,S,replay,20,10,"[-20,-20,0,-20,-20,-20,-20,0,0,-20]",-20.0,-20,0,0,7,3
failure-generated-dwell,computed_torque,posture_small,R10-replay,R10,replay,20,10,"[-20,-20,0,-20,-20,-20,-20,0,0,-20]",-20.0,-20,0,0,7,3
failure-generated-dwell,computed_torque,posture_small,C10-replay,C10,replay,20,10,"[-20,-20,0,0,-20,-20,-20,0,0,-20]",-20.0,-20,0,0,6,4
failure-generated-dwell,computed_torque,posture_small,M10-replay,M10,replay,20,10,"[-20,-20,-20,-20,-20,-20,-20,-20,-20,-20]",-20.0,-20,-20,0,10,0
failure-generated-dwell,computed_torque,posture_large,M10-S,M10,S,20,10,"[0,0,-20,0,0,0,0,-20,-20,0]",0.0,-20,0,0,3,7
failure-generated-dwell,computed_torque,posture_large,M10-R10,M10,R10,20,10,"[0,0,-20,0,0,0,0,-20,-20,0]",0.0,-20,0,0,3,7
failure-generated-dwell,computed_torque,posture_large,C10-R10,C10,R10,20,10,"[0,0,0,20,0,0,0,0,0,0]",0.0,0,20,1,0,9
failure-generated-dwell,computed_torque,posture_large,M10-C10,M10,C10,20,10,"[0,0,-20,-20,0,0,0,-20,-20,0]",0.0,-20,0,0,4,6
failure-generated-dwell,computed_torque,posture_large,S-replay,S,replay,20,10,"[-20,-20,0,-20,-20,-20,-20,0,0,-20]",-20.0,-20,0,0,7,3
failure-generated-dwell,computed_torque,posture_large,R10-replay,R10,replay,20,10,"[-20,-20,0,-20,-20,-20,-20,0,0,-20]",-20.0,-20,0,0,7,3
failure-generated-dwell,computed_torque,posture_large,C10-replay,C10,replay,20,10,"[-20,-20,0,0,-20,-20,-20,0,0,-20]",-20.0,-20,0,0,6,4
failure-generated-dwell,computed_torque,posture_large,M10-replay,M10,replay,20,10,"[-20,-20,-20,-20,-20,-20,-20,-20,-20,-20]",-20.0,-20,-20,0,10,0
failure-generated-dwell,computed_torque,force,M10-S,M10,S,4,10,"[-1,0,-3,0,0,0,0,-3,-3,0]",0.0,-3,0,0,4,6
failure-generated-dwell,computed_torque,force,M10-R10,M10,R10,4,10,"[-1,0,-3,0,0,0,0,-3,-3,0]",0.0,-3,0,0,4,6
failure-generated-dwell,computed_torque,force,C10-R10,C10,R10,4,10,"[-1,0,-1,3,0,0,0,0,0,0]",0.0,-1,3,1,2,7
failure-generated-dwell,computed_torque,force,M10-C10,M10,C10,4,10,"[0,0,-2,-3,0,0,0,-3,-3,0]",0.0,-3,0,0,4,6
failure-generated-dwell,computed_torque,force,S-replay,S,replay,4,10,"[-3,-4,-1,-4,-4,-4,-4,-1,-1,-4]",-4.0,-4,-1,0,10,0
failure-generated-dwell,computed_torque,force,R10-replay,R10,replay,4,10,"[-3,-4,-1,-4,-4,-4,-4,-1,-1,-4]",-4.0,-4,-1,0,10,0
failure-generated-dwell,computed_torque,force,C10-replay,C10,replay,4,10,"[-4,-4,-2,-1,-4,-4,-4,-1,-1,-4]",-4.0,-4,-1,0,10,0
failure-generated-dwell,computed_torque,force,M10-replay,M10,replay,4,10,"[-4,-4,-4,-4,-4,-4,-4,-4,-4,-4]",-4.0,-4,-4,0,10,0
failure-generated-dwell,computed_torque,combined,M10-S,M10,S,20,10,"[-5,0,-15,0,0,0,0,-15,-15,0]",0.0,-15,0,0,4,6
failure-generated-dwell,computed_torque,combined,M10-R10,M10,R10,20,10,"[-5,0,-15,0,0,0,0,-15,-15,0]",0.0,-15,0,0,4,6
failure-generated-dwell,computed_torque,combined,C10-R10,C10,R10,20,10,"[-5,0,-5,15,0,0,0,0,0,0]",0.0,-5,15,1,2,7
failure-generated-dwell,computed_torque,combined,M10-C10,M10,C10,20,10,"[0,0,-10,-15,0,0,0,-15,-15,0]",0.0,-15,0,0,4,6
failure-generated-dwell,computed_torque,combined,S-replay,S,replay,20,10,"[-15,-20,-5,-20,-20,-20,-20,-5,-5,-20]",-20.0,-20,-5,0,10,0
failure-generated-dwell,computed_torque,combined,R10-replay,R10,replay,20,10,"[-15,-20,-5,-20,-20,-20,-20,-5,-5,-20]",-20.0,-20,-5,0,10,0
failure-generated-dwell,computed_torque,combined,C10-replay,C10,replay,20,10,"[-20,-20,-10,-5,-20,-20,-20,-5,-5,-20]",-20.0,-20,-5,0,10,0
failure-generated-dwell,computed_torque,combined,M10-replay,M10,replay,20,10,"[-20,-20,-20,-20,-20,-20,-20,-20,-20,-20]",-20.0,-20,-20,0,10,0
failure-generated-dwell,computed_torque,all,M10-S,M10,S,65,10,"[-6,0,-59,0,0,0,0,-59,-59,0]",0.0,-59,0,0,4,6
failure-generated-dwell,computed_torque,all,M10-R10,M10,R10,65,10,"[-6,0,-59,0,0,0,0,-59,-59,0]",0.0,-59,0,0,4,6
failure-generated-dwell,computed_torque,all,C10-R10,C10,R10,65,10,"[-6,0,-6,59,0,0,0,0,0,0]",0.0,-6,59,1,2,7
failure-generated-dwell,computed_torque,all,M10-C10,M10,C10,65,10,"[0,0,-53,-59,0,0,0,-59,-59,0]",0.0,-59,0,0,4,6
failure-generated-dwell,computed_torque,all,S-replay,S,replay,65,10,"[-59,-65,-6,-65,-65,-65,-65,-6,-6,-65]",-65.0,-65,-6,0,10,0
failure-generated-dwell,computed_torque,all,R10-replay,R10,replay,65,10,"[-59,-65,-6,-65,-65,-65,-65,-6,-6,-65]",-65.0,-65,-6,0,10,0
failure-generated-dwell,computed_torque,all,C10-replay,C10,replay,65,10,"[-65,-65,-12,-6,-65,-65,-65,-6,-6,-65]",-65.0,-65,-6,0,10,0
failure-generated-dwell,computed_torque,all,M10-replay,M10,replay,65,10,"[-65,-65,-65,-65,-65,-65,-65,-65,-65,-65]",-65.0,-65,-65,0,10,0
