configuration,tracker,scenario_class,arm_kind,n_scenarios,n_models,n_runs,excluded_runs,unavailable_runs,successes,per_model,median,minimum,maximum
search-t0001,pd_v2,nominal,S,1,10,10,0,0,10,"[1,1,1,1,1,1,1,1,1,1]",1.0,1,1
search-t0001,pd_v2,nominal,M10,1,1,1,0,0,1,[1],1.0,1,1
search-t0001,pd_v2,nominal,R10,1,10,10,0,0,10,"[1,1,1,1,1,1,1,1,1,1]",1.0,1,1
search-t0001,pd_v2,nominal,C10,1,10,10,0,0,9,"[1,1,1,1,1,1,1,1,1,0]",1.0,0,1
search-t0001,pd_v2,nominal,replay,1,10,10,0,0,10,"[1,1,1,1,1,1,1,1,1,1]",1.0,1,1
search-t0001,pd_v2,posture_small,S,20,10,200,0,0,89,"[8,8,9,10,10,8,8,10,9,9]",9.0,8,10
search-t0001,pd_v2,posture_small,M10,20,1,20,0,0,10,[10],10.0,10,10
search-t0001,pd_v2,posture_small,R10,20,10,200,0,0,89,"[8,8,9,10,10,8,8,10,9,9]",9.0,8,10
search-t0001,pd_v2,posture_small,C10,20,10,200,0,0,172,"[20,20,20,20,20,20,20,12,20,0]",20.0,0,20
search-t0001,pd_v2,posture_small,replay,20,10,200,0,0,200,"[20,20,20,20,20,20,20,20,20,20]",20.0,20,20
search-t0001,pd_v2,posture_large,S,20,10,200,0,0,107,"[10,11,11,11,11,11,10,11,11,10]",11.0,10,11
search-t0001,pd_v2,posture_large,M10,20,1,20,0,0,10,[10],10.0,10,10
search-t0001,pd_v2,posture_large,R10,20,10,200,0,0,107,"[10,11,11,11,11,11,10,11,11,10]",11.0,10,11
search-t0001,pd_v2,posture_large,C10,20,10,200,0,0,127,"[17,13,17,14,14,18,13,10,11,0]",13.5,0,18
search-t0001,pd_v2,posture_large,replay,20,10,200,0,0,180,"[18,18,18,18,18,18,18,18,18,18]",18.0,18,18
search-t0001,pd_v2,force,S,4,10,40,0,0,27,"[2,3,3,3,3,3,3,3,2,2]",3.0,2,3
search-t0001,pd_v2,force,M10,4,1,4,0,0,2,[2],2.0,2,2
search-t0001,pd_v2,force,R10,4,10,40,0,0,27,"[2,3,3,3,3,3,3,3,2,2]",3.0,2,3
search-t0001,pd_v2,force,C10,4,10,40,0,0,13,"[1,1,1,2,2,2,1,1,2,0]",1.0,0,2
search-t0001,pd_v2,force,replay,4,10,40,0,0,40,"[4,4,4,4,4,4,4,4,4,4]",4.0,4,4
search-t0001,pd_v2,combined,S,20,10,200,0,0,57,"[4,6,6,7,7,6,6,7,4,4]",6.0,4,7
search-t0001,pd_v2,combined,M10,20,1,20,0,0,5,[5],5.0,5,5
search-t0001,pd_v2,combined,R10,20,10,200,0,0,57,"[4,6,6,7,7,6,6,7,4,4]",6.0,4,7
search-t0001,pd_v2,combined,C10,20,10,200,0,0,63,"[5,5,5,10,10,10,5,3,10,0]",5.0,0,10
search-t0001,pd_v2,combined,replay,20,10,200,0,0,200,"[20,20,20,20,20,20,20,20,20,20]",20.0,20,20
search-t0001,pd_v2,all,S,65,10,650,0,0,290,"[25,29,30,32,32,29,28,32,27,26]",29.0,25,32
search-t0001,pd_v2,all,M10,65,1,65,0,0,28,[28],28.0,28,28
search-t0001,pd_v2,all,R10,65,10,650,0,0,290,"[25,29,30,32,32,29,28,32,27,26]",29.0,25,32
search-t0001,pd_v2,all,C10,65,10,650,0,0,384,"[44,40,44,47,47,51,40,27,44,0]",44.0,0,51
search-t0001,pd_v2,all,replay,65,10,650,0,0,630,"[63,63,63,63,63,63,63,63,63,63]",63.0,63,63
search-t0001,computed_torque,nominal,S,1,10,10,0,0,10,"[1,1,1,1,1,1,1,1,1,1]",1.0,1,1
search-t0001,computed_torque,nominal,M10,1,1,1,0,0,1,[1],1.0,1,1
search-t0001,computed_torque,nominal,R10,1,10,10,0,0,10,"[1,1,1,1,1,1,1,1,1,1]",1.0,1,1
search-t0001,computed_torque,nominal,C10,1,10,10,0,0,9,"[1,1,1,1,1,1,1,1,1,0]",1.0,0,1
search-t0001,computed_torque,nominal,replay,1,10,10,0,0,10,"[1,1,1,1,1,1,1,1,1,1]",1.0,1,1
search-t0001,computed_torque,posture_small,S,20,10,200,0,0,89,"[8,8,9,10,10,8,8,10,9,9]",9.0,8,10
search-t0001,computed_torque,posture_small,M10,20,1,20,0,0,10,[10],10.0,10,10
search-t0001,computed_torque,posture_small,R10,20,10,200,0,0,89,"[8,8,9,10,10,8,8,10,9,9]",9.0,8,10
search-t0001,computed_torque,posture_small,C10,20,10,200,0,0,173,"[20,20,20,20,20,20,20,13,20,0]",20.0,0,20
search-t0001,computed_torque,posture_small,replay,20,10,200,0,0,200,"[20,20,20,20,20,20,20,20,20,20]",20.0,20,20
search-t0001,computed_torque,posture_large,S,20,10,200,0,0,107,"[10,11,11,11,11,11,10,11,11,10]",11.0,10,11
search-t0001,computed_torque,posture_large,M10,20,1,20,0,0,10,[10],10.0,10,10
search-t0001,computed_torque,posture_large,R10,20,10,200,0,0,107,"[10,11,11,11,11,11,10,11,11,10]",11.0,10,11
search-t0001,computed_torque,posture_large,C10,20,10,200,0,0,128,"[18,13,17,14,14,18,13,10,11,0]",13.5,0,18
search-t0001,computed_torque,posture_large,replay,20,10,200,0,0,190,"[19,19,19,19,19,19,19,19,19,19]",19.0,19,19
search-t0001,computed_torque,force,S,4,10,40,0,0,20,"[2,2,2,2,2,2,2,2,2,2]",2.0,2,2
search-t0001,computed_torque,force,M10,4,1,4,0,0,2,[2],2.0,2,2
search-t0001,computed_torque,force,R10,4,10,40,0,0,20,"[2,2,2,2,2,2,2,2,2,2]",2.0,2,2
search-t0001,computed_torque,force,C10,4,10,40,0,0,2,"[0,0,0,1,1,0,0,0,0,0]",0.0,0,1
search-t0001,computed_torque,force,replay,4,10,40,0,0,40,"[4,4,4,4,4,4,4,4,4,4]",4.0,4,4
search-t0001,computed_torque,combined,S,20,10,200,0,0,40,"[4,4,4,4,4,4,4,4,4,4]",4.0,4,4
search-t0001,computed_torque,combined,M10,20,1,20,0,0,5,[5],5.0,5,5
search-t0001,computed_torque,combined,R10,20,10,200,0,0,40,"[4,4,4,4,4,4,4,4,4,4]",4.0,4,4
search-t0001,computed_torque,combined,C10,20,10,200,0,0,10,"[0,0,0,5,5,0,0,0,0,0]",0.0,0,5
search-t0001,computed_torque,combined,replay,20,10,200,0,0,200,"[20,20,20,20,20,20,20,20,20,20]",20.0,20,20
search-t0001,computed_torque,all,S,65,10,650,0,0,266,"[25,26,27,28,28,26,25,28,27,26]",26.5,25,28
search-t0001,computed_torque,all,M10,65,1,65,0,0,28,[28],28.0,28,28
search-t0001,computed_torque,all,R10,65,10,650,0,0,266,"[25,26,27,28,28,26,25,28,27,26]",26.5,25,28
search-t0001,computed_torque,all,C10,65,10,650,0,0,322,"[39,34,38,41,41,39,34,24,32,0]",36.0,0,41
search-t0001,computed_torque,all,replay,65,10,650,0,0,640,"[64,64,64,64,64,64,64,64,64,64]",64.0,64,64
search-t0002,pd_v2,nominal,S,1,10,10,0,0,10,"[1,1,1,1,1,1,1,1,1,1]",1.0,1,1
search-t0002,pd_v2,nominal,M10,1,1,1,0,0,1,[1],1.0,1,1
search-t0002,pd_v2,nominal,R10,1,10,10,0,0,10,"[1,1,1,1,1,1,1,1,1,1]",1.0,1,1
search-t0002,pd_v2,nominal,C10,1,10,10,0,0,1,"[0,0,0,0,0,0,0,1,0,0]",0.0,0,1
search-t0002,pd_v2,nominal,replay,1,10,10,0,0,10,"[1,1,1,1,1,1,1,1,1,1]",1.0,1,1
search-t0002,pd_v2,posture_small,S,20,10,200,0,0,182,"[14,20,20,20,20,20,20,20,20,8]",20.0,8,20
search-t0002,pd_v2,posture_small,M10,20,1,20,0,0,0,[0],0.0,0,0
search-t0002,pd_v2,posture_small,R10,20,10,200,0,0,182,"[14,20,20,20,20,20,20,20,20,8]",20.0,8,20
search-t0002,pd_v2,posture_small,C10,20,10,200,0,0,4,"[0,0,0,0,0,0,0,4,0,0]",0.0,0,4
search-t0002,pd_v2,posture_small,replay,20,10,200,0,0,200,"[20,20,20,20,20,20,20,20,20,20]",20.0,20,20
search-t0002,pd_v2,posture_large,S,20,10,200,0,0,162,"[9,20,17,15,17,20,20,15,18,11]",17.0,9,20
search-t0002,pd_v2,posture_large,M10,20,1,20,0,0,1,[1],1.0,1,1
search-t0002,pd_v2,posture_large,R10,20,10,200,0,0,162,"[9,20,17,15,17,20,20,15,18,11]",17.0,9,20
search-t0002,pd_v2,posture_large,C10,20,10,200,0,0,1,"[0,0,0,0,0,0,0,1,0,0]",0.0,0,1
search-t0002,pd_v2,posture_large,replay,20,10,200,0,0,180,"[18,18,18,18,18,18,18,18,18,18]",18.0,18,18
search-t0002,pd_v2,force,S,4,10,40,0,0,25,"[1,2,3,3,3,3,4,0,2,4]",3.0,0,4
search-t0002,pd_v2,force,M10,4,1,4,0,0,1,[1],1.0,1,1
search-t0002,pd_v2,force,R10,4,10,40,0,0,25,"[1,2,3,3,3,3,4,0,2,4]",3.0,0,4
search-t0002,pd_v2,force,C10,4,10,40,0,0,0,"[0,0,0,0,0,0,0,0,0,0]",0.0,0,0
search-t0002,pd_v2,force,replay,4,10,40,0,0,40,"[4,4,4,4,4,4,4,4,4,4]",4.0,4,4
search-t0002,pd_v2,combined,S,20,10,200,0,0,107,"[3,10,15,15,15,11,20,0,10,8]",10.5,0,20
search-t0002,pd_v2,combined,M10,20,1,20,0,0,0,[0],0.0,0,0
search-t0002,pd_v2,combined,R10,20,10,200,0,0,107,"[3,10,15,15,15,11,20,0,10,8]",10.5,0,20
search-t0002,pd_v2,combined,C10,20,10,200,0,0,1,"[0,0,0,0,0,0,0,1,0,0]",0.0,0,1
search-t0002,pd_v2,combined,replay,20,10,200,0,0,200,"[20,20,20,20,20,20,20,20,20,20]",20.0,20,20
search-t0002,pd_v2,all,S,65,10,650,0,0,486,"[28,53,56,54,56,55,65,36,51,32]",53.5,28,65
search-t0002,pd_v2,all,M10,65,1,65,0,0,3,[3],3.0,3,3
search-t0002,pd_v2,all,R10,65,10,650,0,0,486,"[28,53,56,54,56,55,65,36,51,32]",53.5,28,65
search-t0002,pd_v2,all,C10,65,10,650,0,0,7,"[0,0,0,0,0,0,0,7,0,0]",0.0,0,7
search-t0002,pd_v2,all,replay,65,10,650,0,0,630,"[63,63,63,63,63,63,63,63,63,63]",63.0,63,63
search-t0002,computed_torque,nominal,S,1,10,10,0,0,10,"[1,1,1,1,1,1,1,1,1,1]",1.0,1,1
search-t0002,computed_torque,nominal,M10,1,1,1,0,0,1,[1],1.0,1,1
search-t0002,computed_torque,nominal,R10,1,10,10,0,0,10,"[1,1,1,1,1,1,1,1,1,1]",1.0,1,1
search-t0002,computed_torque,nominal,C10,1,10,10,0,0,0,"[0,0,0,0,0,0,0,0,0,0]",0.0,0,0
search-t0002,computed_torque,nominal,replay,1,10,10,0,0,10,"[1,1,1,1,1,1,1,1,1,1]",1.0,1,1
search-t0002,computed_torque,posture_small,S,20,10,200,0,0,182,"[14,20,20,20,20,20,20,20,20,8]",20.0,8,20
search-t0002,computed_torque,posture_small,M10,20,1,20,0,0,0,[0],0.0,0,0
search-t0002,computed_torque,posture_small,R10,20,10,200,0,0,182,"[14,20,20,20,20,20,20,20,20,8]",20.0,8,20
search-t0002,computed_torque,posture_small,C10,20,10,200,0,0,0,"[0,0,0,0,0,0,0,0,0,0]",0.0,0,0
search-t0002,computed_torque,posture_small,replay,20,10,200,0,0,200,"[20,20,20,20,20,20,20,20,20,20]",20.0,20,20
search-t0002,computed_torque,posture_large,S,20,10,200,0,0,155,"[5,20,20,19,20,20,20,5,18,8]",19.5,5,20
search-t0002,computed_torque,posture_large,M10,20,1,20,0,0,0,[0],0.0,0,0
search-t0002,computed_torque,posture_large,R10,20,10,200,0,0,155,"[5,20,20,19,20,20,20,5,18,8]",19.5,5,20
search-t0002,computed_torque,posture_large,C10,20,10,200,0,0,0,"[0,0,0,0,0,0,0,0,0,0]",0.0,0,0
search-t0002,computed_torque,posture_large,replay,20,10,200,0,0,190,"[19,19,19,19,19,19,19,19,19,19]",19.0,19,19
search-t0002,computed_torque,force,S,4,10,40,0,0,0,"[0,0,0,0,0,0,0,0,0,0]",0.0,0,0
search-t0002,computed_torque,force,M10,4,1,4,0,0,0,[0],0.0,0,0
search-t0002,computed_torque,force,R10,4,10,40,0,0,0,"[0,0,0,0,0,0,0,0,0,0]",0.0,0,0
search-t0002,computed_torque,force,C10,4,10,40,0,0,0,"[0,0,0,0,0,0,0,0,0,0]",0.0,0,0
search-t0002,computed_torque,force,replay,4,10,40,0,0,40,"[4,4,4,4,4,4,4,4,4,4]",4.0,4,4
search-t0002,computed_torque,combined,S,20,10,200,0,0,0,"[0,0,0,0,0,0,0,0,0,0]",0.0,0,0
search-t0002,computed_torque,combined,M10,20,1,20,0,0,0,[0],0.0,0,0
search-t0002,computed_torque,combined,R10,20,10,200,0,0,0,"[0,0,0,0,0,0,0,0,0,0]",0.0,0,0
search-t0002,computed_torque,combined,C10,20,10,200,0,0,0,"[0,0,0,0,0,0,0,0,0,0]",0.0,0,0
search-t0002,computed_torque,combined,replay,20,10,200,0,0,200,"[20,20,20,20,20,20,20,20,20,20]",20.0,20,20
search-t0002,computed_torque,all,S,65,10,650,0,0,347,"[20,41,41,40,41,41,41,26,39,17]",40.5,17,41
search-t0002,computed_torque,all,M10,65,1,65,0,0,1,[1],1.0,1,1
search-t0002,computed_torque,all,R10,65,10,650,0,0,347,"[20,41,41,40,41,41,41,26,39,17]",40.5,17,41
search-t0002,computed_torque,all,C10,65,10,650,0,0,0,"[0,0,0,0,0,0,0,0,0,0]",0.0,0,0
search-t0002,computed_torque,all,replay,65,10,650,0,0,640,"[64,64,64,64,64,64,64,64,64,64]",64.0,64,64
search-t0004,pd_v2,nominal,S,1,10,10,0,0,10,"[1,1,1,1,1,1,1,1,1,1]",1.0,1,1
search-t0004,pd_v2,nominal,M10,1,1,1,0,0,1,[1],1.0,1,1
search-t0004,pd_v2,nominal,R10,1,10,10,0,0,10,"[1,1,1,1,1,1,1,1,1,1]",1.0,1,1
search-t0004,pd_v2,nominal,C10,1,10,10,0,0,9,"[1,1,0,1,1,1,1,1,1,1]",1.0,0,1
search-t0004,pd_v2,nominal,replay,1,10,10,0,0,10,"[1,1,1,1,1,1,1,1,1,1]",1.0,1,1
search-t0004,pd_v2,posture_small,S,20,10,200,0,0,200,"[20,20,20,20,20,20,20,20,20,20]",20.0,20,20
search-t0004,pd_v2,posture_small,M10,20,1,20,0,0,3,[3],3.0,3,3
search-t0004,pd_v2,posture_small,R10,20,10,200,0,0,200,"[20,20,20,20,20,20,20,20,20,20]",20.0,20,20
search-t0004,pd_v2,posture_small,C10,20,10,200,0,0,180,"[20,20,0,20,20,20,20,20,20,20]",20.0,0,20
search-t0004,pd_v2,posture_small,replay,20,10,200,0,0,200,"[20,20,20,20,20,20,20,20,20,20]",20.0,20,20
search-t0004,pd_v2,posture_large,S,20,10,200,0,0,152,"[18,14,18,15,14,14,14,15,15,15]",15.0,14,18
search-t0004,pd_v2,posture_large,M10,20,1,20,0,0,1,[1],1.0,1,1
search-t0004,pd_v2,posture_large,R10,20,10,200,0,0,152,"[18,14,18,15,14,14,14,15,15,15]",15.0,14,18
search-t0004,pd_v2,posture_large,C10,20,10,200,0,0,180,"[20,20,0,20,20,20,20,20,20,20]",20.0,0,20
search-t0004,pd_v2,posture_large,replay,20,10,200,0,0,180,"[18,18,18,18,18,18,18,18,18,18]",18.0,18,18
search-t0004,pd_v2,force,S,4,10,40,0,0,40,"[4,4,4,4,4,4,4,4,4,4]",4.0,4,4
search-t0004,pd_v2,force,M10,4,1,4,0,0,0,[0],0.0,0,0
search-t0004,pd_v2,force,R10,4,10,40,0,0,40,"[4,4,4,4,4,4,4,4,4,4]",4.0,4,4
search-t0004,pd_v2,force,C10,4,10,40,0,0,36,"[4,4,0,4,4,4,4,4,4,4]",4.0,0,4
search-t0004,pd_v2,force,replay,4,10,40,0,0,40,"[4,4,4,4,4,4,4,4,4,4]",4.0,4,4
search-t0004,pd_v2,combined,S,20,10,200,0,0,200,"[20,20,20,20,20,20,20,20,20,20]",20.0,20,20
search-t0004,pd_v2,combined,M10,20,1,20,0,0,0,[0],0.0,0,0
search-t0004,pd_v2,combined,R10,20,10,200,0,0,200,"[20,20,20,20,20,20,20,20,20,20]",20.0,20,20
search-t0004,pd_v2,combined,C10,20,10,200,0,0,180,"[20,20,0,20,20,20,20,20,20,20]",20.0,0,20
search-t0004,pd_v2,combined,replay,20,10,200,0,0,200,"[20,20,20,20,20,20,20,20,20,20]",20.0,20,20
search-t0004,pd_v2,all,S,65,10,650,0,0,602,"[63,59,63,60,59,59,59,60,60,60]",60.0,59,63
search-t0004,pd_v2,all,M10,65,1,65,0,0,5,[5],5.0,5,5
search-t0004,pd_v2,all,R10,65,10,650,0,0,602,"[63,59,63,60,59,59,59,60,60,60]",60.0,59,63
search-t0004,pd_v2,all,C10,65,10,650,0,0,585,"[65,65,0,65,65,65,65,65,65,65]",65.0,0,65
search-t0004,pd_v2,all,replay,65,10,650,0,0,630,"[63,63,63,63,63,63,63,63,63,63]",63.0,63,63
search-t0004,computed_torque,nominal,S,1,10,10,0,0,10,"[1,1,1,1,1,1,1,1,1,1]",1.0,1,1
search-t0004,computed_torque,nominal,M10,1,1,1,0,0,1,[1],1.0,1,1
search-t0004,computed_torque,nominal,R10,1,10,10,0,0,10,"[1,1,1,1,1,1,1,1,1,1]",1.0,1,1
search-t0004,computed_torque,nominal,C10,1,10,10,0,0,9,"[1,1,0,1,1,1,1,1,1,1]",1.0,0,1
search-t0004,computed_torque,nominal,replay,1,10,10,0,0,10,"[1,1,1,1,1,1,1,1,1,1]",1.0,1,1
search-t0004,computed_torque,posture_small,S,20,10,200,0,0,200,"[20,20,20,20,20,20,20,20,20,20]",20.0,20,20
search-t0004,computed_torque,posture_small,M10,20,1,20,0,0,3,[3],3.0,3,3
search-t0004,computed_torque,posture_small,R10,20,10,200,0,0,200,"[20,20,20,20,20,20,20,20,20,20]",20.0,20,20
search-t0004,computed_torque,posture_small,C10,20,10,200,0,0,180,"[20,20,0,20,20,20,20,20,20,20]",20.0,0,20
search-t0004,computed_torque,posture_small,replay,20,10,200,0,0,200,"[20,20,20,20,20,20,20,20,20,20]",20.0,20,20
search-t0004,computed_torque,posture_large,S,20,10,200,0,0,152,"[18,14,18,15,14,14,14,15,15,15]",15.0,14,18
search-t0004,computed_torque,posture_large,M10,20,1,20,0,0,2,[2],2.0,2,2
search-t0004,computed_torque,posture_large,R10,20,10,200,0,0,152,"[18,14,18,15,14,14,14,15,15,15]",15.0,14,18
search-t0004,computed_torque,posture_large,C10,20,10,200,0,0,180,"[20,20,0,20,20,20,20,20,20,20]",20.0,0,20
search-t0004,computed_torque,posture_large,replay,20,10,200,0,0,190,"[19,19,19,19,19,19,19,19,19,19]",19.0,19,19
search-t0004,computed_torque,force,S,4,10,40,0,0,39,"[3,4,4,4,4,4,4,4,4,4]",4.0,3,4
search-t0004,computed_torque,force,M10,4,1,4,0,0,0,[0],0.0,0,0
search-t0004,computed_torque,force,R10,4,10,40,0,0,39,"[3,4,4,4,4,4,4,4,4,4]",4.0,3,4
search-t0004,computed_torque,force,C10,4,10,40,0,0,22,"[3,3,0,1,0,3,3,3,3,3]",3.0,0,3
search-t0004,computed_torque,force,replay,4,10,40,0,0,40,"[4,4,4,4,4,4,4,4,4,4]",4.0,4,4
search-t0004,computed_torque,combined,S,20,10,200,0,0,195,"[15,20,20,20,20,20,20,20,20,20]",20.0,15,20
search-t0004,computed_torque,combined,M10,20,1,20,0,0,0,[0],0.0,0,0
search-t0004,computed_torque,combined,R10,20,10,200,0,0,195,"[15,20,20,20,20,20,20,20,20,20]",20.0,15,20
search-t0004,computed_torque,combined,C10,20,10,200,0,0,110,"[15,15,0,5,0,15,15,15,15,15]",15.0,0,15
search-t0004,computed_torque,combined,replay,20,10,200,0,0,200,"[20,20,20,20,20,20,20,20,20,20]",20.0,20,20
search-t0004,computed_torque,all,S,65,10,650,0,0,596,"[57,59,63,60,59,59,59,60,60,60]",59.5,57,63
search-t0004,computed_torque,all,M10,65,1,65,0,0,6,[6],6.0,6,6
search-t0004,computed_torque,all,R10,65,10,650,0,0,596,"[57,59,63,60,59,59,59,60,60,60]",59.5,57,63
search-t0004,computed_torque,all,C10,65,10,650,0,0,501,"[59,59,0,47,41,59,59,59,59,59]",59.0,0,59
search-t0004,computed_torque,all,replay,65,10,650,0,0,640,"[64,64,64,64,64,64,64,64,64,64]",64.0,64,64
